,Rk,Player,Pos,Age,Tm,G,GS,MP,FG,FGA,FG%,3P,3PA,3P%,2P,2PA,2P%,eFG%,FT,FTA,FT%,ORB,DRB,TRB,AST,STL,BLK,TOV,PF,PTS
0,1,Mahmoud Abdul-Rauf,PG,26,DEN,57,53,2029,414,955,0.434,121,309,0.392,293,646,0.454,0.497,146,157,0.93,26,112,138,389,64,3,115,117,1095
1,2,Michael Adams,PG,33,CHH,21,3,329,37,83,0.446,14,41,0.341,23,42,0.548,0.53,26,35,0.743,5,17,22,67,21,4,25,25,114
2,3,Rafael Addison,SF,31,CHH,53,0,516,77,165,0.467,0,9,0,77,156,0.494,0.467,17,22,0.773,25,65,90,30,9,9,27,74,171
3,4,Cory Alexander,PG,22,SAS,60,0,560,63,155,0.406,26,66,0.394,37,89,0.416,0.49,16,25,0.64,9,33,42,121,27,2,68,94,168
4,5,Jerome Allen,SG,23,MIN,41,0,362,36,105,0.343,10,33,0.303,26,72,0.361,0.39,26,36,0.722,5,20,25,49,21,5,34,42,108
5,6,Derrick Alston,C,23,PHI,73,41,1614,198,387,0.512,1,3,0.333,197,384,0.513,0.513,55,112,0.491,127,175,302,61,56,52,59,191,452
6,7,John Amaechi,PF,25,CLE,28,3,357,29,70,0.414,0,0,,29,70,0.414,0.414,19,33,0.576,13,39,52,9,6,11,34,49,77
7,8,Ashraf Amaya,PF,24,VAN,54,34,1104,121,252,0.48,0,1,0,121,251,0.482,0.48,97,149,0.651,114,189,303,33,22,10,57,151,339
8,9,Greg Anderson,PF,31,SAS,46,7,344,24,47,0.511,0,1,0,24,46,0.522,0.511,6,25,0.24,29,71,100,10,9,24,22,66,54
9,10,Kenny Anderson,PG,25,TOT,69,64,2344,349,834,0.418,92,256,0.359,257,578,0.445,0.474,260,338,0.769,63,140,203,575,111,14,146,178,1050
10,10,Kenny Anderson,PG,25,NJN,31,28,1042,143,380,0.376,36,99,0.364,107,281,0.381,0.424,151,188,0.803,37,64,101,247,52,8,58,73,473
11,10,Kenny Anderson,PG,25,CHH,38,36,1302,206,454,0.454,56,157,0.357,150,297,0.505,0.515,109,150,0.727,26,76,102,328,59,6,88,105,577
12,11,Nick Anderson,SG,28,ORL,77,77,2717,400,904,0.442,168,430,0.391,232,474,0.489,0.535,166,240,0.692,92,323,415,279,121,46,141,135,1134
13,12,Willie Anderson,SG,29,TOT,76,44,2060,288,660,0.436,34,120,0.283,254,540,0.47,0.462,132,163,0.81,48,198,246,197,75,59,143,230,742
14,12,Willie Anderson,SG,29,TOR,49,42,1564,232,527,0.44,29,95,0.305,203,432,0.47,0.468,113,132,0.856,35,151,186,149,58,51,119,171,606
15,12,Willie Anderson,SG,29,NYK,27,2,496,56,133,0.421,5,25,0.2,51,108,0.472,0.44,19,31,0.613,13,47,60,48,17,8,24,59,136
16,13,Greg Anthony,PG,28,VAN,69,68,2096,324,781,0.415,90,271,0.332,234,510,0.459,0.472,229,297,0.771,29,145,174,476,116,11,160,137,967
17,14,B.J. Armstrong,PG,28,GSW,82,64,2262,340,727,0.468,98,207,0.473,242,520,0.465,0.535,234,279,0.839,22,162,184,401,68,6,128,147,1012
18,15,Darrell Armstrong,PG,27,ORL,13,0,41,16,32,0.5,6,12,0.5,10,20,0.5,0.594,4,4,1,0,2,2,5,6,0,6,4,42
19,16,Vincent Askew,SG,29,SEA,69,2,1725,215,436,0.493,29,86,0.337,186,350,0.531,0.526,123,161,0.764,65,153,218,163,47,15,96,178,582
20,17,Keith Askins,SF,28,MIA,75,14,1897,157,391,0.402,99,237,0.418,58,154,0.377,0.528,45,57,0.789,113,211,324,121,48,61,82,271,458
21,18,Stacey Augmon,SF,27,ATL,77,49,2294,362,738,0.491,1,4,0.25,361,734,0.492,0.491,251,317,0.792,137,167,304,137,106,31,138,188,976
22,19,Anthony Avent,PF,26,VAN,71,32,1586,179,466,0.384,0,0,,179,466,0.384,0.384,57,77,0.74,108,247,355,69,30,42,107,202,415
23,20,Vin Baker,PF,24,MIL,82,82,3319,699,1429,0.489,10,48,0.208,689,1381,0.499,0.493,321,479,0.67,263,545,808,212,68,91,216,272,1729
24,Rk,Player,Pos,Age,Tm,G,GS,MP,FG,FGA,FG%,3P,3PA,3P%,2P,2PA,2P%,eFG%,FT,FTA,FT%,ORB,DRB,TRB,AST,STL,BLK,TOV,PF,PTS
25,21,Steve Bardo,SG,27,DET,9,0,123,9,23,0.391,0,4,0,9,19,0.474,0.391,4,6,0.667,2,20,22,15,4,1,5,17,22
26,22,Charles Barkley*,PF,32,PHO,71,71,2632,580,1160,0.5,49,175,0.28,531,985,0.539,0.521,440,566,0.777,243,578,821,262,114,56,218,208,1649
27,23,Dana Barros,PG,28,BOS,80,25,2328,379,806,0.47,150,368,0.408,229,438,0.523,0.563,130,147,0.884,21,171,192,306,58,3,120,116,1038
28,24,Brent Barry,SG,24,LAC,79,44,1898,283,597,0.474,123,296,0.416,160,301,0.532,0.577,111,137,0.81,38,130,168,230,95,22,120,196,800
29,25,Jon Barry,SG,26,GSW,68,0,712,91,185,0.492,44,93,0.473,47,92,0.511,0.611,31,37,0.838,17,46,63,85,33,11,42,51,257
30,26,Corey Beck,PG,24,CHH,5,0,33,2,8,0.25,0,0,,2,8,0.25,0.25,1,2,0.5,3,4,7,5,1,0,4,8,5
31,27,Benoit Benjamin,C,31,TOT,83,71,1896,294,590,0.498,0,3,0,294,587,0.501,0.498,140,194,0.722,141,398,539,64,45,85,144,224,728
32,27,Benoit Benjamin,C,31,VAN,13,13,404,71,161,0.441,0,0,,71,161,0.441,0.441,39,56,0.696,31,72,103,16,10,15,34,40,181
33,27,Benoit Benjamin,C,31,MIL,70,58,1492,223,429,0.52,0,3,0,223,426,0.523,0.52,101,138,0.732,110,326,436,48,35,70,110,184,547
34,28,Elmer Bennett,PG,25,PHI,8,0,66,4,17,0.235,0,0,,4,17,0.235,0.235,3,4,0.75,1,4,5,8,1,1,7,6,11
35,29,Mario Bennett,SF,22,PHO,19,14,230,29,64,0.453,0,1,0,29,63,0.46,0.453,27,42,0.643,21,28,49,6,11,11,11,46,85
36,30,David Benoit,SF,27,UTA,81,63,1961,255,581,0.439,64,192,0.333,191,389,0.491,0.494,87,112,0.777,90,293,383,82,43,49,71,166,661
37,31,Travis Best,PG,23,IND,59,1,571,69,163,0.423,8,25,0.32,61,138,0.442,0.448,75,90,0.833,11,33,44,97,20,3,63,80,221
38,32,Mookie Blaylock,PG,28,ATL,81,81,2893,455,1123,0.405,231,623,0.371,224,500,0.448,0.508,127,170,0.747,110,222,332,478,212,17,188,151,1268
39,33,Corie Blount,PF,27,LAL,57,2,715,79,167,0.473,0,2,0,79,165,0.479,0.473,25,44,0.568,69,101,170,42,25,35,47,109,183
40,34,Muggsy Bogues,PG,31,CHH,6,0,77,6,16,0.375,0,1,0,6,15,0.4,0.375,2,2,1,6,1,7,19,2,0,6,4,14
41,35,Anthony Bonner,PF,27,ORL,4,0,43,5,15,0.333,0,0,,5,15,0.333,0.333,3,7,0.429,6,13,19,4,3,0,3,11,13
42,36,Melvin Booker,PG,23,HOU,11,0,131,16,50,0.32,3,19,0.158,13,31,0.419,0.35,9,11,0.818,1,8,9,21,5,1,12,18,44
43,37,Anthony Bowie,SG,32,ORL,74,4,1078,128,272,0.471,12,31,0.387,116,241,0.481,0.493,40,46,0.87,40,83,123,105,34,10,55,112,308
44,38,Donnie Boyce,SG,22,ATL,8,0,41,9,23,0.391,4,8,0.5,5,15,0.333,0.478,2,4,0.5,5,5,10,3,3,1,6,2,24
45,39,Shawn Bradley,C,23,TOT,79,68,2329,387,873,0.443,1,4,0.25,386,869,0.444,0.444,169,246,0.687,221,417,638,63,49,288,179,286,944
46,39,Shawn Bradley,C,23,PHI,12,11,334,43,97,0.443,0,0,,43,97,0.443,0.443,19,25,0.76,34,72,106,8,8,38,31,42,105
47,39,Shawn Bradley,C,23,NJN,67,57,1995,344,776,0.443,1,4,0.25,343,772,0.444,0.444,150,221,0.679,187,345,532,55,41,250,148,244,839
48,40,Marques Bragg,PF,25,MIN,53,0,369,54,120,0.45,0,0,,54,120,0.45,0.45,23,41,0.561,38,41,79,8,17,8,26,71,131
49,Rk,Player,Pos,Age,Tm,G,GS,MP,FG,FGA,FG%,3P,3PA,3P%,2P,2PA,2P%,eFG%,FT,FTA,FT%,ORB,DRB,TRB,AST,STL,BLK,TOV,PF,PTS
50,41,Terrell Brandon,PG,25,CLE,75,75,2570,510,1096,0.465,91,235,0.387,419,861,0.487,0.507,338,381,0.887,47,201,248,487,132,33,142,146,1449
51,42,Tim Breaux,SF,25,HOU,54,4,570,59,161,0.366,15,46,0.326,44,115,0.383,0.413,28,45,0.622,22,38,60,24,11,8,30,42,161
52,43,Frank Brickowski,C,36,SEA,63,8,986,123,252,0.488,32,79,0.405,91,173,0.526,0.552,61,86,0.709,26,125,151,58,26,8,78,185,339
53,44,Scott Brooks,PG,30,DAL,69,0,716,134,293,0.457,25,62,0.403,109,231,0.472,0.5,59,69,0.855,11,30,41,100,42,3,43,53,352
54,45,Chucky Brown,PF,27,HOU,82,82,2019,300,555,0.541,1,8,0.125,299,547,0.547,0.541,104,150,0.693,134,307,441,89,47,38,94,163,705
55,46,Dee Brown,PG,27,BOS,65,23,1591,246,616,0.399,68,220,0.309,178,396,0.449,0.455,135,158,0.854,36,100,136,146,80,12,74,119,695
56,47,Mike Brown,C,32,PHI,9,1,162,9,16,0.563,0,0,,9,16,0.563,0.563,8,17,0.471,14,23,37,3,3,2,6,24,26
57,48,P.J. Brown,C,26,NJN,81,81,2942,354,798,0.444,3,15,0.2,351,783,0.448,0.445,204,265,0.77,215,345,560,165,79,100,133,249,915
58,49,Randy Brown,PG,27,CHI,68,0,671,78,192,0.406,1,11,0.091,77,181,0.425,0.409,28,46,0.609,17,49,66,73,57,12,31,88,185
59,50,Mark Bryant,PF,30,HOU,71,9,1587,242,446,0.543,0,2,0,242,444,0.545,0.543,127,177,0.718,131,220,351,52,31,19,85,234,611
60,51,Jud Buechler,SF,27,CHI,74,0,740,112,242,0.463,40,90,0.444,72,152,0.474,0.545,14,22,0.636,45,66,111,56,34,7,39,70,278
61,52,Matt Bullard,PF,28,ATL,46,0,460,66,162,0.407,26,72,0.361,40,90,0.444,0.488,16,20,0.8,18,42,60,18,17,11,24,50,174
62,53,Scott Burrell,SF,25,CHH,20,20,693,92,206,0.447,37,98,0.378,55,108,0.509,0.536,42,56,0.75,26,72,98,47,27,13,43,76,263
63,54,Junior Burrough,PF,23,BOS,61,3,495,64,170,0.376,0,0,,64,170,0.376,0.376,61,93,0.656,45,64,109,15,15,10,40,74,189
64,55,Mitchell Butler,SG,25,WSB,61,3,858,88,229,0.384,13,60,0.217,75,169,0.444,0.413,48,83,0.578,29,89,118,67,41,12,67,104,237
65,56,Jason Caffey,PF,22,CHI,57,0,545,71,162,0.438,0,1,0,71,161,0.441,0.438,40,68,0.588,51,60,111,24,12,7,48,91,182
66,57,Michael Cage,C,34,CLE,82,80,2631,220,396,0.556,0,1,0,220,395,0.557,0.556,50,92,0.543,288,441,729,53,87,79,54,215,490
67,58,Adrian Caldwell,PF,29,IND,51,1,327,46,83,0.554,0,0,,46,83,0.554,0.554,18,36,0.5,42,68,110,6,9,5,35,73,110
68,59,Elden Campbell,PF,27,LAL,82,82,2699,447,888,0.503,0,5,0,447,883,0.506,0.503,249,349,0.713,162,461,623,181,88,212,137,300,1143
69,60,Antoine Carr,SF,34,UTA,80,0,1532,233,510,0.457,0,3,0,233,507,0.46,0.457,114,144,0.792,71,129,200,74,28,65,78,254,580
70,Rk,Player,Pos,Age,Tm,G,GS,MP,FG,FGA,FG%,3P,3PA,3P%,2P,2PA,2P%,eFG%,FT,FTA,FT%,ORB,DRB,TRB,AST,STL,BLK,TOV,PF,PTS
71,61,Chris Carr,SG,21,PHO,60,10,590,90,217,0.415,11,42,0.262,79,175,0.451,0.44,49,60,0.817,27,75,102,43,10,5,40,77,240
72,62,Sam Cassell,PG,26,HOU,61,0,1682,289,658,0.439,73,210,0.348,216,448,0.482,0.495,235,285,0.825,51,137,188,278,53,4,157,166,886
73,63,Duane Causwell,C,27,SAC,73,26,1044,90,216,0.417,0,1,0,90,215,0.419,0.417,70,96,0.729,86,162,248,20,27,78,53,173,250
74,64,Cedric Ceballos,SF,26,LAL,78,71,2628,638,1203,0.53,51,184,0.277,587,1019,0.576,0.552,329,409,0.804,215,321,536,119,94,22,167,144,1656
75,65,Rex Chapman,SG,28,MIA,56,50,1865,289,679,0.426,125,337,0.371,164,342,0.48,0.518,83,113,0.735,22,123,145,166,45,10,79,117,786
76,66,Calbert Cheaney,SF,24,WSB,70,70,2324,426,905,0.471,52,154,0.338,374,751,0.498,0.499,151,214,0.706,67,172,239,154,67,18,129,205,1055
77,67,Pete Chilcutt,PF,27,HOU,74,0,651,73,179,0.408,37,98,0.378,36,81,0.444,0.511,17,26,0.654,51,105,156,26,19,14,22,65,200
78,68,Randolph Childress,PG,23,POR,28,0,250,25,79,0.316,13,47,0.277,12,32,0.375,0.399,22,27,0.815,1,18,19,32,8,1,28,22,85
79,69,Chris Childs,PG,28,NJN,78,54,2408,324,778,0.416,95,259,0.367,229,519,0.441,0.478,259,304,0.852,51,194,245,548,111,8,230,246,1002
80,70,Doug Christie,SF,25,TOT,55,17,1036,150,337,0.445,46,106,0.434,104,231,0.45,0.513,69,93,0.742,34,120,154,117,70,19,95,141,415
81,70,Doug Christie,SF,25,NYK,23,0,218,35,73,0.479,10,19,0.526,25,54,0.463,0.548,13,22,0.591,8,26,34,25,12,3,19,41,93
82,70,Doug Christie,SF,25,TOR,32,17,818,115,264,0.436,36,87,0.414,79,177,0.446,0.504,56,71,0.789,26,94,120,92,58,16,76,100,322
83,71,Robert Churchwell,SG,23,GSW,4,0,20,3,8,0.375,0,0,,3,8,0.375,0.375,0,0,,0,3,3,1,0,0,2,1,6
84,72,Charles Claxton,C,25,BOS,3,0,7,1,2,0.5,0,0,,1,2,0.5,0.5,0,2,0,2,0,2,0,0,1,1,4,2
85,73,John Coker,C,24,PHO,5,0,11,4,5,0.8,0,0,,4,5,0.8,0.8,0,0,,2,0,2,1,0,1,0,1,8
86,74,Derrick Coleman,PF,28,PHI,11,11,294,48,118,0.407,7,21,0.333,41,97,0.423,0.436,20,32,0.625,13,59,72,31,4,10,28,30,123
87,75,Bimbo Coles,PG,27,TOT,81,55,2615,318,777,0.409,88,254,0.346,230,523,0.44,0.466,168,211,0.796,49,211,260,422,94,17,171,253,892
88,75,Bimbo Coles,PG,27,MIA,52,52,1882,231,559,0.413,63,172,0.366,168,387,0.434,0.47,139,173,0.803,38,163,201,296,63,12,123,175,664
89,75,Bimbo Coles,PG,27,GSW,29,3,733,87,218,0.399,25,82,0.305,62,136,0.456,0.456,29,38,0.763,11,48,59,126,31,5,48,78,228
90,76,Marty Conlon,C,28,MIL,74,1,958,153,327,0.468,5,30,0.167,148,297,0.498,0.476,84,110,0.764,58,119,177,68,20,11,79,126,395
91,77,Anthony Cook,PF,28,POR,11,0,60,7,16,0.438,0,2,0,7,14,0.5,0.438,1,4,0.25,5,7,12,2,0,1,1,8,15
92,78,Tyrone Corbin,SF,33,TOT,71,2,1284,155,351,0.442,3,18,0.167,152,333,0.456,0.446,100,120,0.833,81,163,244,84,63,20,67,147,413
93,78,Tyrone Corbin,SF,33,SAC,49,2,930,117,259,0.452,1,12,0.083,116,247,0.47,0.454,77,92,0.837,55,124,179,61,47,17,50,96,312
94,78,Tyrone Corbin,SF,33,MIA,22,0,354,38,92,0.413,2,6,0.333,36,86,0.419,0.424,23,28,0.821,26,39,65,23,16,3,17,51,101
95,79,Joe Courtney,PF,26,CLE,23,0,200,15,35,0.429,0,0,,15,35,0.429,0.429,8,18,0.444,24,25,49,9,5,6,17,35,38
96,80,John Crotty,PG,26,CLE,58,4,617,51,114,0.447,8,27,0.296,43,87,0.494,0.482,62,72,0.861,20,34,54,102,22,6,51,60,172
97,Rk,Player,Pos,Age,Tm,G,GS,MP,FG,FGA,FG%,3P,3PA,3P%,2P,2PA,2P%,eFG%,FT,FTA,FT%,ORB,DRB,TRB,AST,STL,BLK,TOV,PF,PTS
98,81,Terry Cummings,PF,34,MIL,81,13,1777,270,584,0.462,1,7,0.143,269,577,0.466,0.463,104,160,0.65,162,283,445,89,56,30,69,263,645
99,82,Dell Curry,SG,31,CHH,82,29,2371,441,974,0.453,164,406,0.404,277,568,0.488,0.537,146,171,0.854,68,196,264,176,108,25,130,173,1192
100,83,Michael Curry,SG-SF,27,TOT,46,1,783,73,161,0.453,20,53,0.377,53,108,0.491,0.516,45,62,0.726,27,58,85,27,24,2,24,92,211
101,83,Michael Curry,SF,27,WSB,5,0,34,3,10,0.3,0,3,0,3,7,0.429,0.3,4,4,1,2,3,5,1,1,0,1,3,10
102,83,Michael Curry,SG,27,DET,41,1,749,70,151,0.464,20,50,0.4,50,101,0.495,0.53,41,58,0.707,25,55,80,26,23,2,23,89,201
103,84,Rastko Cvetković,C,25,DEN,14,0,48,5,16,0.313,0,1,0,5,15,0.333,0.313,0,4,0,4,7,11,3,2,1,3,11,10
104,85,Sasha Danilović,SG,25,MIA,19,18,542,83,184,0.451,34,78,0.436,49,106,0.462,0.543,55,72,0.764,12,34,46,47,15,3,37,49,255
105,86,Yinka Dare,C,23,NJN,58,23,626,63,144,0.438,0,0,,63,144,0.438,0.438,38,62,0.613,56,125,181,0,8,40,72,117,164
106,87,Antonio Davis,PF,27,IND,82,14,2092,236,482,0.49,1,2,0.5,235,480,0.49,0.491,246,345,0.713,188,313,501,43,33,66,87,248,719
107,88,Dale Davis,PF,26,IND,78,77,2617,334,599,0.558,0,0,,334,599,0.558,0.558,135,289,0.467,252,457,709,76,56,112,119,238,803
108,89,Hubert Davis,SG,25,NYK,74,14,1773,275,566,0.486,127,267,0.476,148,299,0.495,0.598,112,129,0.868,35,88,123,103,31,8,63,120,789
109,90,Mark Davis,SF,22,MIN,57,0,571,55,149,0.369,4,13,0.308,51,136,0.375,0.383,74,116,0.638,56,69,125,47,40,22,68,92,188
110,91,Terry Davis,PF,28,DAL,28,0,501,55,108,0.509,0,0,,55,108,0.509,0.509,27,47,0.574,43,74,117,21,10,4,25,66,137
111,92,Todd Day,SG,26,TOT,79,12,1807,299,817,0.366,100,302,0.331,199,515,0.386,0.427,224,287,0.78,70,154,224,107,81,51,109,225,922
112,92,Todd Day,SG,26,MIL,8,0,171,22,71,0.31,5,25,0.2,17,46,0.37,0.345,24,26,0.923,8,14,22,5,4,3,11,27,73
113,92,Todd Day,SG,26,BOS,71,12,1636,277,746,0.371,95,277,0.343,182,469,0.388,0.435,200,261,0.766,62,140,202,102,77,48,98,198,849
114,93,Andrew DeClercq,C,22,GSW,22,1,203,24,50,0.48,0,1,0,24,49,0.49,0.48,11,19,0.579,18,21,39,9,7,5,4,30,59
115,94,Terry Dehere,PG,24,LAC,82,10,2018,315,686,0.459,139,316,0.44,176,370,0.476,0.56,247,327,0.755,41,102,143,350,54,16,191,239,1016
116,95,Vinny Del Negro,SG,29,SAS,82,82,2766,478,962,0.497,57,150,0.38,421,812,0.518,0.527,178,214,0.832,36,236,272,315,85,6,100,166,1191
117,96,Bison Dele,C,26,LAC,65,65,2157,416,766,0.543,1,6,0.167,415,760,0.546,0.544,196,267,0.734,149,343,492,122,70,55,190,226,1029
118,97,Dell Demps,SG,25,SAS,16,0,87,19,33,0.576,1,2,0.5,18,31,0.581,0.591,14,17,0.824,2,7,9,8,3,1,12,10,53
119,98,Vlade Divac*,C,27,LAL,79,79,2470,414,807,0.513,3,18,0.167,411,789,0.521,0.515,189,295,0.641,198,481,679,261,76,131,199,274,1020
120,99,Sherman Douglas,PG,29,TOT,79,66,2335,345,685,0.504,40,110,0.364,305,575,0.53,0.533,160,219,0.731,55,125,180,436,63,5,194,163,890
121,99,Sherman Douglas,PG,29,BOS,10,4,234,36,84,0.429,1,7,0.143,35,77,0.455,0.435,25,40,0.625,6,17,23,39,2,0,29,16,98
122,99,Sherman Douglas,PG,29,MIL,69,62,2101,309,601,0.514,39,103,0.379,270,498,0.542,0.547,135,179,0.754,49,108,157,397,61,5,165,147,792
123,100,Clyde Drexler*,SG,33,HOU,52,51,1997,331,764,0.433,78,235,0.332,253,529,0.478,0.484,265,338,0.784,97,276,373,302,105,24,134,153,1005
124,Rk,Player,Pos,Age,Tm,G,GS,MP,FG,FGA,FG%,3P,3PA,3P%,2P,2PA,2P%,eFG%,FT,FTA,FT%,ORB,DRB,TRB,AST,STL,BLK,TOV,PF,PTS
125,101,Kevin Duckworth,C,31,MIL,8,1,58,3,14,0.214,0,0,,3,14,0.214,0.214,3,6,0.5,2,5,7,2,2,0,2,19,9
126,102,Chris Dudley,C,30,POR,80,61,1924,162,358,0.453,0,1,0,162,357,0.454,0.453,80,157,0.51,239,481,720,37,41,100,79,251,404
127,103,Joe Dumars*,PG,32,DET,67,40,2193,255,598,0.426,121,298,0.406,134,300,0.447,0.528,162,197,0.822,28,110,138,265,43,3,97,106,793
128,104,Richard Dumas,PF,26,PHI,39,14,739,95,203,0.468,2,9,0.222,93,194,0.479,0.473,49,70,0.7,42,57,99,44,42,6,49,79,241
129,105,Tony Dumas,SG,23,DAL,67,12,1284,274,655,0.418,74,207,0.357,200,448,0.446,0.475,154,257,0.599,58,57,115,99,42,13,77,128,776
130,106,Ledell Eackles,SG,29,WSB,55,26,1238,161,377,0.427,54,128,0.422,107,249,0.43,0.499,98,118,0.831,44,104,148,86,28,3,57,84,474
131,107,Acie Earl,C,25,TOR,42,7,655,117,276,0.424,0,3,0,117,273,0.429,0.424,82,114,0.719,51,78,129,27,18,37,49,73,316
132,108,Tyus Edney,PG,22,SAC,80,60,2481,305,740,0.412,53,144,0.368,252,596,0.423,0.448,197,252,0.782,63,138,201,491,89,3,192,203,860
133,109,Blue Edwards,SF,30,VAN,82,82,2773,401,956,0.419,84,245,0.343,317,711,0.446,0.463,157,208,0.755,98,248,346,212,118,46,170,243,1043
134,110,Doug Edwards,PF,25,VAN,31,0,519,32,91,0.352,0,4,0,32,87,0.368,0.352,29,38,0.763,35,52,87,39,10,18,29,51,93
135,111,James Edwards,C,40,CHI,28,0,274,41,110,0.373,0,0,,41,110,0.373,0.373,16,26,0.615,15,25,40,11,1,8,21,61,98
136,112,Kevin Edwards,SG,30,NJN,34,33,1007,142,390,0.364,42,104,0.404,100,286,0.35,0.418,68,84,0.81,14,61,75,71,54,7,68,67,394
137,113,Craig Ehlo,SG,34,ATL,79,8,1758,253,591,0.428,82,221,0.371,171,370,0.462,0.497,81,103,0.786,65,191,256,138,85,9,104,138,669
138,114,Howard Eisley,PG,23,UTA,65,0,961,104,242,0.43,14,62,0.226,90,180,0.5,0.459,65,77,0.844,22,56,78,146,29,3,77,130,287
139,115,Mario Elie,SF,32,HOU,45,16,1385,180,357,0.504,41,127,0.323,139,230,0.604,0.562,98,115,0.852,47,108,155,138,45,11,59,93,499
140,116,Sean Elliott,SF,27,SAS,77,77,2901,525,1127,0.466,161,392,0.411,364,735,0.495,0.537,326,423,0.771,69,327,396,211,69,33,198,178,1537
141,117,Dale Ellis,SF,35,DEN,81,52,2626,459,959,0.479,150,364,0.412,309,595,0.519,0.557,136,179,0.76,88,227,315,139,57,7,98,191,1204
142,118,LaPhonso Ellis,SF,25,DEN,45,28,1269,189,432,0.438,4,22,0.182,185,410,0.451,0.442,89,148,0.601,93,229,322,74,36,33,83,163,471
143,119,LeRon Ellis,C,26,MIA,12,1,74,5,22,0.227,0,0,,5,22,0.227,0.227,3,6,0.5,5,3,8,4,2,3,3,11,13
144,120,Pervis Ellison,C,28,BOS,69,29,1431,145,295,0.492,0,0,,145,295,0.492,0.492,75,117,0.641,151,300,451,62,39,99,84,207,365
145,Rk,Player,Pos,Age,Tm,G,GS,MP,FG,FGA,FG%,3P,3PA,3P%,2P,2PA,2P%,eFG%,FT,FTA,FT%,ORB,DRB,TRB,AST,STL,BLK,TOV,PF,PTS
146,121,Vincenzo Esposito,PG,26,TOR,30,0,282,36,100,0.36,13,56,0.232,23,44,0.523,0.425,31,39,0.795,4,12,16,23,7,0,39,27,116
147,122,Patrick Ewing*,C,33,NYK,76,76,2783,678,1456,0.466,4,28,0.143,674,1428,0.472,0.467,351,461,0.761,157,649,806,160,68,184,221,247,1711
148,123,Duane Ferrell,SF,30,IND,54,6,591,80,166,0.482,0,8,0,80,158,0.506,0.482,42,57,0.737,32,61,93,30,23,3,34,83,202
149,124,Danny Ferry,PF,29,CLE,82,79,2680,422,919,0.459,143,363,0.394,279,556,0.502,0.537,103,134,0.769,71,238,309,191,57,37,122,233,1090
150,125,Michael Finley,SF,22,PHO,82,72,3212,465,976,0.476,61,186,0.328,404,790,0.511,0.508,242,323,0.749,139,235,374,289,85,31,133,199,1233
151,126,Matt Fish,C,26,TOT,18,1,134,21,36,0.583,0,0,,21,36,0.583,0.583,10,19,0.526,10,11,21,8,3,7,3,19,52
152,126,Matt Fish,C,26,NYK,2,1,17,6,10,0.6,0,0,,6,10,0.6,0.6,0,1,0,3,0,3,1,0,1,0,3,12
153,126,Matt Fish,C,26,DEN,16,0,117,15,26,0.577,0,0,,15,26,0.577,0.577,10,18,0.556,7,11,18,7,3,6,3,16,40
154,127,Vern Fleming,PG,33,NJN,77,3,1747,227,524,0.433,3,28,0.107,224,496,0.452,0.436,133,177,0.751,49,121,170,255,41,5,122,115,590
155,128,Sherell Ford,SF,23,SEA,28,1,139,30,80,0.375,4,25,0.16,26,55,0.473,0.4,26,34,0.765,12,12,24,5,8,1,6,27,90
156,129,Greg Foster,C,27,UTA,73,2,803,107,244,0.439,1,8,0.125,106,236,0.449,0.441,61,72,0.847,53,125,178,25,7,22,58,120,276
157,130,Rick Fox,SF,26,BOS,81,81,2588,421,928,0.454,99,272,0.364,322,656,0.491,0.507,196,254,0.772,158,292,450,369,113,41,216,290,1137
158,131,Kevin Gamble,SF,30,TOT,65,13,1325,152,379,0.401,44,114,0.386,108,265,0.408,0.459,38,48,0.792,21,92,113,100,35,8,43,147,386
159,131,Kevin Gamble,SF,30,MIA,44,13,1033,117,297,0.394,38,91,0.418,79,206,0.383,0.458,33,38,0.868,14,72,86,82,31,5,32,119,305
160,131,Kevin Gamble,SF,30,SAC,21,0,292,35,82,0.427,6,23,0.261,29,59,0.492,0.463,5,10,0.5,7,20,27,18,4,3,11,28,81
161,132,Kevin Garnett*,SF,19,MIN,80,43,2293,361,735,0.491,8,28,0.286,353,707,0.499,0.497,105,149,0.705,175,326,501,145,86,131,110,189,835
162,133,Chris Gatling,PF,28,TOT,71,2,1427,326,567,0.575,0,1,0,326,566,0.576,0.575,139,207,0.671,129,288,417,43,36,40,95,217,791
163,133,Chris Gatling,PF,28,GSW,47,2,862,171,308,0.555,0,1,0,171,307,0.557,0.555,84,132,0.636,78,164,242,26,19,29,60,135,426
164,133,Chris Gatling,PF,28,MIA,24,0,565,155,259,0.598,0,0,,155,259,0.598,0.598,55,75,0.733,51,124,175,17,17,11,35,82,365
165,134,Kenny Gattison,PF,31,VAN,25,14,570,91,190,0.479,0,0,,91,190,0.479,0.479,47,78,0.603,35,79,114,14,10,11,40,75,229
166,135,Matt Geiger,C,26,CHH,77,50,2349,357,666,0.536,3,8,0.375,354,658,0.538,0.538,149,205,0.727,201,448,649,60,46,63,137,290,866
167,136,Kendall Gill,SG,27,TOT,47,46,1683,246,524,0.469,26,79,0.329,220,445,0.494,0.494,138,176,0.784,72,160,232,260,64,24,131,131,656
168,136,Kendall Gill,SG,27,CHH,36,36,1265,179,372,0.481,17,54,0.315,162,318,0.509,0.504,89,117,0.761,56,133,189,225,42,22,110,101,464
169,136,Kendall Gill,SG,27,NJN,11,10,418,67,152,0.441,9,25,0.36,58,127,0.457,0.47,49,59,0.831,16,27,43,35,22,2,21,30,192
170,137,Armen Gilliam,SF,31,NJN,78,76,2856,576,1216,0.474,0,1,0,576,1215,0.474,0.474,277,350,0.791,241,472,713,140,73,53,177,180,1429
171,138,Gerald Glass,SF,28,TOT,15,0,71,12,33,0.364,1,6,0.167,11,27,0.407,0.379,1,1,1,6,2,8,4,3,1,0,10,26
172,138,Gerald Glass,SF,28,NJN,10,0,56,10,28,0.357,1,5,0.2,9,23,0.391,0.375,0,0,,5,1,6,4,2,1,0,5,21
173,138,Gerald Glass,SF,28,CHH,5,0,15,2,5,0.4,0,1,0,2,4,0.5,0.4,1,1,1,1,1,2,0,1,0,0,5,5
174,139,Anthony Goldwire,PG,24,CHH,42,8,621,76,189,0.402,33,83,0.398,43,106,0.406,0.489,46,60,0.767,8,35,43,112,16,0,63,79,231
175,140,Greg Graham,SG,25,TOT,53,5,613,78,193,0.404,32,82,0.39,46,111,0.414,0.487,52,68,0.765,17,40,57,52,25,1,46,64,240
176,140,Greg Graham,SG,25,PHI,8,3,128,17,32,0.531,7,14,0.5,10,18,0.556,0.641,15,17,0.882,5,10,15,11,5,0,17,16,56
177,140,Greg Graham,SG,25,NJN,45,2,485,61,161,0.379,25,68,0.368,36,93,0.387,0.457,37,51,0.725,12,30,42,41,20,1,29,48,184
178,Rk,Player,Pos,Age,Tm,G,GS,MP,FG,FGA,FG%,3P,3PA,3P%,2P,2PA,2P%,eFG%,FT,FTA,FT%,ORB,DRB,TRB,AST,STL,BLK,TOV,PF,PTS
179,141,Ron Grandison,PF,31,TOT,28,3,311,22,58,0.379,4,14,0.286,18,44,0.409,0.414,17,25,0.68,20,35,55,13,12,2,12,31,65
180,141,Ron Grandison,PF,31,MIA,18,3,235,13,39,0.333,4,13,0.308,9,26,0.346,0.385,13,19,0.684,14,22,36,10,8,1,11,27,43
181,141,Ron Grandison,PF,31,ATL,4,0,19,2,4,0.5,0,1,0,2,3,0.667,0.5,0,0,,1,5,6,1,0,0,0,0,4
182,141,Ron Grandison,PF,31,NYK,6,0,57,7,15,0.467,0,0,,7,15,0.467,0.467,4,6,0.667,5,8,13,2,4,1,1,4,18
183,142,Brian Grant,PF,23,SAC,78,75,2398,427,842,0.507,4,17,0.235,423,825,0.513,0.51,262,358,0.732,175,370,545,127,40,103,185,269,1120
184,143,Gary Grant,PG,30,NYK,47,1,596,88,181,0.486,8,24,0.333,80,157,0.51,0.508,48,58,0.828,12,40,52,69,39,3,45,91,232
185,144,Greg Grant,PG,29,TOT,31,2,527,35,99,0.354,8,34,0.235,27,65,0.415,0.394,5,6,0.833,7,27,34,97,22,2,30,43,83
186,144,Greg Grant,PG,29,PHI,11,2,280,18,48,0.375,4,18,0.222,14,30,0.467,0.417,5,6,0.833,3,18,21,60,12,2,15,28,45
187,144,Greg Grant,PG,29,WSB,10,0,138,11,28,0.393,2,10,0.2,9,18,0.5,0.429,0,0,,1,5,6,23,8,0,10,8,24
188,144,Greg Grant,PG,29,DEN,10,0,109,6,23,0.261,2,6,0.333,4,17,0.235,0.304,0,0,,3,4,7,14,2,0,5,7,14
189,145,Harvey Grant,PF,30,POR,76,75,2394,314,679,0.462,21,67,0.313,293,612,0.479,0.478,60,110,0.545,117,244,361,111,60,43,82,173,709
190,146,Horace Grant,PF,30,ORL,63,62,2286,347,677,0.513,1,6,0.167,346,671,0.516,0.513,152,207,0.734,178,402,580,170,62,74,64,144,847
191,147,A.C. Green,SF,32,PHO,82,36,2113,215,444,0.484,14,52,0.269,201,392,0.513,0.5,168,237,0.709,166,388,554,72,45,23,79,141,612
192,148,Tom Gugliotta,PF,26,MIN,78,78,2835,473,1004,0.471,26,86,0.302,447,918,0.487,0.484,289,374,0.773,176,514,690,238,139,96,234,265,1261
193,149,Jack Haley,C,32,CHI,1,0,7,2,6,0.333,0,0,,2,6,0.333,0.333,1,2,0.5,1,1,2,0,0,0,1,2,5
194,150,Thomas Hamilton,C,20,BOS,11,0,70,9,31,0.29,0,0,,9,31,0.29,0.29,7,18,0.389,10,12,22,1,0,9,9,12,25
195,151,Geert Hammink,C,26,TOT,6,0,17,2,4,0.5,0,0,,2,4,0.5,0.5,4,7,0.571,2,2,4,0,0,0,2,2,8
196,151,Geert Hammink,C,26,ORL,3,0,7,1,2,0.5,0,0,,1,2,0.5,0.5,2,4,0.5,2,1,3,0,0,0,2,1,4
197,151,Geert Hammink,C,26,GSW,3,0,10,1,2,0.5,0,0,,1,2,0.5,0.5,2,3,0.667,0,1,1,0,0,0,0,1,4
198,152,Tom Hammonds,PF,28,DEN,71,4,1045,127,268,0.474,0,0,,127,268,0.474,0.474,88,115,0.765,85,138,223,23,23,13,48,137,342
199,153,Darrin Hancock,SF,24,CHH,63,7,838,112,214,0.523,1,3,0.333,111,211,0.526,0.526,47,73,0.644,40,58,98,47,28,5,56,94,272
200,154,Anfernee Hardaway,PG,24,ORL,82,82,3015,623,1215,0.513,89,283,0.314,534,932,0.573,0.549,445,580,0.767,129,225,354,582,166,41,229,160,1780
201,155,Tim Hardaway*,PG,29,TOT,80,46,2534,419,992,0.422,138,379,0.364,281,613,0.458,0.492,241,305,0.79,35,194,229,640,132,17,235,201,1217
202,155,Tim Hardaway*,PG,29,GSW,52,18,1487,255,606,0.421,85,232,0.366,170,374,0.455,0.491,140,182,0.769,22,109,131,360,74,11,125,131,735
203,155,Tim Hardaway*,PG,29,MIA,28,28,1047,164,386,0.425,53,147,0.361,111,239,0.464,0.494,101,123,0.821,13,85,98,280,58,6,110,70,482
204,156,Derek Harper,PG,34,NYK,82,82,2893,436,939,0.464,121,325,0.372,315,614,0.513,0.529,156,206,0.757,32,170,202,352,131,5,178,201,1149
205,157,Ron Harper,PG,32,CHI,80,80,1886,234,501,0.467,28,104,0.269,206,397,0.519,0.495,98,139,0.705,74,139,213,208,105,32,73,137,594
206,158,Lucious Harris,SG,25,DAL,61,1,1016,183,397,0.461,47,125,0.376,136,272,0.5,0.52,68,87,0.782,41,81,122,79,35,3,46,56,481
207,159,Antonio Harvey,PF,25,TOT,55,15,821,83,224,0.371,0,2,0,83,222,0.374,0.371,38,83,0.458,69,131,200,15,27,47,44,76,204
208,159,Antonio Harvey,PF,25,VAN,18,6,410,39,95,0.411,0,2,0,39,93,0.419,0.411,20,43,0.465,27,67,94,9,14,21,18,38,98
209,159,Antonio Harvey,PF,25,LAC,37,9,411,44,129,0.341,0,0,,44,129,0.341,0.341,18,40,0.45,42,64,106,6,13,26,26,38,106
210,160,Hersey Hawkins,SG,29,SEA,82,82,2823,443,936,0.473,146,380,0.384,297,556,0.534,0.551,249,285,0.874,86,211,297,218,149,14,164,172,1281
211,Rk,Player,Pos,Age,Tm,G,GS,MP,FG,FGA,FG%,3P,3PA,3P%,2P,2PA,2P%,eFG%,FT,FTA,FT%,ORB,DRB,TRB,AST,STL,BLK,TOV,PF,PTS
212,161,Alvin Heggs,SF,28,HOU,4,0,14,3,5,0.6,0,0,,3,5,0.6,0.6,2,3,0.667,1,1,2,0,0,0,0,0,8
213,162,Alan Henderson,PF,23,ATL,79,4,1416,192,434,0.442,0,3,0,192,431,0.445,0.442,119,200,0.595,164,192,356,51,44,43,87,217,503
214,163,Carl Herrera,PF,29,SAS,44,6,393,40,97,0.412,0,1,0,40,96,0.417,0.412,5,17,0.294,30,51,81,16,9,8,29,61,85
215,164,Sean Higgins,SF,27,PHI,44,4,916,134,323,0.415,48,129,0.372,86,194,0.443,0.489,35,37,0.946,20,72,92,55,24,11,49,90,351
216,165,Grant Hill*,SF,23,DET,80,80,3260,564,1221,0.462,5,26,0.192,559,1195,0.468,0.464,485,646,0.751,127,656,783,548,100,48,263,242,1618
217,166,Tyrone Hill,PF,27,CLE,44,2,929,130,254,0.512,0,0,,130,254,0.512,0.512,81,135,0.6,94,150,244,33,31,20,64,144,341
218,167,Donald Hodge,C,26,TOT,15,0,115,9,24,0.375,0,0,,9,24,0.375,0.375,0,0,,9,14,23,4,1,8,2,26,18
219,167,Donald Hodge,C,26,DAL,13,0,113,9,24,0.375,0,0,,9,24,0.375,0.375,0,0,,9,13,22,4,1,8,2,26,18
220,167,Donald Hodge,C,26,CHH,2,0,2,0,0,,0,0,,0,0,,,0,0,,0,1,1,0,0,0,0,0,0
221,168,Fred Hoiberg,SG,23,IND,15,1,85,8,19,0.421,1,3,0.333,7,16,0.438,0.447,15,18,0.833,4,5,9,8,6,1,7,12,32
222,169,Jeff Hornacek,SG,32,UTA,82,59,2588,442,880,0.502,104,223,0.466,338,657,0.514,0.561,259,290,0.893,62,147,209,340,106,20,127,171,1247
223,170,Robert Horry,SF,25,HOU,71,71,2634,300,732,0.41,142,388,0.366,158,344,0.459,0.507,111,143,0.776,97,315,412,281,116,109,160,197,853
224,171,Allan Houston,SG,24,DET,82,75,3072,564,1244,0.453,191,447,0.427,373,797,0.468,0.53,298,362,0.823,54,246,300,250,61,16,233,233,1617
225,172,Byron Houston,PF,26,SAC,25,0,276,32,64,0.5,1,3,0.333,31,61,0.508,0.508,21,26,0.808,31,53,84,7,13,7,17,59,86
226,173,Juwan Howard,PF,22,WSB,81,81,3294,733,1500,0.489,4,13,0.308,729,1487,0.49,0.49,319,426,0.749,188,472,660,360,67,39,303,269,1789
227,174,Lindsey Hunter,PG,25,DET,80,48,2138,239,628,0.381,117,289,0.405,122,339,0.36,0.474,84,120,0.7,44,150,194,188,84,18,80,185,679
228,175,Bobby Hurley,PG,24,SAC,72,22,1059,65,230,0.283,22,76,0.289,43,154,0.279,0.33,68,85,0.8,12,63,75,216,28,3,86,121,220
229,176,Jaren Jackson,SG,28,HOU,4,0,33,0,8,0,0,5,0,0,3,0,0,8,10,0.8,0,3,3,0,1,0,0,5,8
230,177,Jim Jackson,SG,25,DAL,82,82,2820,569,1308,0.435,121,333,0.363,448,975,0.459,0.481,345,418,0.825,173,237,410,235,47,22,191,165,1604
231,178,Mark Jackson,PG,30,IND,81,81,2643,296,626,0.473,64,149,0.43,232,477,0.486,0.524,150,191,0.785,66,241,307,635,100,5,201,153,806
232,179,Henry James,PF,30,HOU,7,0,58,10,24,0.417,5,15,0.333,5,9,0.556,0.521,5,5,1,3,3,6,2,0,0,4,13,30
233,180,Avery Johnson,PG,30,SAS,82,82,3084,438,887,0.494,6,31,0.194,432,856,0.505,0.497,189,262,0.721,37,169,206,789,119,21,195,179,1071
234,Rk,Player,Pos,Age,Tm,G,GS,MP,FG,FGA,FG%,3P,3PA,3P%,2P,2PA,2P%,eFG%,FT,FTA,FT%,ORB,DRB,TRB,AST,STL,BLK,TOV,PF,PTS
235,181,Darryl Johnson,PG,30,CLE,11,0,28,5,12,0.417,0,1,0,5,11,0.455,0.417,2,2,1,2,0,2,1,0,0,1,3,12
236,182,Eddie Johnson,SF,36,IND,62,1,1002,180,436,0.413,45,128,0.352,135,308,0.438,0.464,70,79,0.886,45,108,153,69,20,4,56,104,475
237,183,Ervin Johnson,C,28,SEA,81,60,1519,180,352,0.511,1,3,0.333,179,349,0.513,0.513,85,127,0.669,129,304,433,48,40,129,98,245,446
238,184,Kevin Johnson,PG,29,PHO,56,55,2007,342,674,0.507,21,57,0.368,321,617,0.52,0.523,342,398,0.859,42,179,221,517,82,13,170,144,1047
239,185,Larry Johnson,PF,26,CHH,81,81,3274,583,1225,0.476,67,183,0.366,516,1042,0.495,0.503,427,564,0.757,249,434,683,355,55,43,182,173,1660
240,186,Magic Johnson*,PF,36,LAL,32,9,958,137,294,0.466,22,58,0.379,115,236,0.487,0.503,172,201,0.856,40,143,183,220,26,13,103,48,468
241,187,Charles Jones,PF,38,HOU,46,0,297,6,19,0.316,0,0,,6,19,0.316,0.316,4,13,0.308,28,46,74,12,5,24,3,44,16
242,188,Eddie Jones,SG,24,LAL,70,66,2184,337,685,0.492,83,227,0.366,254,458,0.555,0.553,136,184,0.739,45,188,233,246,129,45,99,162,893
243,189,Popeye Jones,PF,25,DAL,68,68,2322,327,733,0.446,14,39,0.359,313,694,0.451,0.456,102,133,0.767,260,477,737,132,54,27,109,262,770
244,190,Michael Jordan*,SG,32,CHI,82,82,3090,916,1850,0.495,111,260,0.427,805,1590,0.506,0.525,548,657,0.834,148,395,543,352,180,42,197,195,2491
245,191,Reggie Jordan,PG,28,ATL,24,0,247,36,71,0.507,0,0,,36,71,0.507,0.507,22,38,0.579,23,29,52,29,12,7,19,30,94
246,192,Adam Keefe,PF,25,UTA,82,0,1708,180,346,0.52,0,4,0,180,342,0.526,0.52,139,201,0.692,176,279,455,64,51,41,88,174,499
247,193,Shawn Kemp,PF,26,SEA,79,76,2631,526,937,0.561,5,12,0.417,521,925,0.563,0.564,493,664,0.742,276,628,904,173,93,127,315,299,1550
248,194,Tim Kempton,PF,32,ATL,3,0,11,0,0,,0,0,,0,0,,,0,0,,0,2,2,1,0,0,1,5,0
249,195,Steve Kerr,PG,30,CHI,82,0,1919,244,482,0.506,122,237,0.515,122,245,0.498,0.633,78,84,0.929,25,85,110,192,63,2,42,109,688
250,196,Jerome Kersey,SF,33,GSW,76,58,1620,205,500,0.41,3,17,0.176,202,483,0.418,0.413,97,147,0.66,154,209,363,114,91,45,75,205,510
251,197,Randolph Keys,SF,29,MIL,69,1,816,87,208,0.418,22,71,0.31,65,137,0.474,0.471,36,43,0.837,41,84,125,65,32,14,33,139,232
252,198,Jason Kidd*,PG,22,DAL,81,81,3034,493,1293,0.381,133,396,0.336,360,897,0.401,0.433,229,331,0.692,203,350,553,783,175,26,328,155,1348
253,199,Chris King,SF,26,VAN,80,66,1930,250,585,0.427,44,113,0.389,206,472,0.436,0.465,90,136,0.662,102,183,285,104,68,33,103,163,634
254,200,Frankie King,PG,23,LAL,6,0,20,3,11,0.273,0,1,0,3,10,0.3,0.273,1,3,0.333,1,1,2,2,2,0,2,4,7
255,Rk,Player,Pos,Age,Tm,G,GS,MP,FG,FGA,FG%,3P,3PA,3P%,2P,2PA,2P%,eFG%,FT,FTA,FT%,ORB,DRB,TRB,AST,STL,BLK,TOV,PF,PTS
256,201,Jimmy King,SG,22,TOR,62,1,868,110,255,0.431,5,34,0.147,105,221,0.475,0.441,54,77,0.701,43,67,110,88,21,13,60,76,279
257,202,Stacey King,PF,29,MIA,15,0,156,17,36,0.472,0,0,,17,36,0.472,0.472,4,8,0.5,9,14,23,2,7,2,18,39,38
258,203,Joe Kleine,C,34,PHO,56,9,663,71,169,0.42,2,7,0.286,69,162,0.426,0.426,20,25,0.8,36,96,132,44,13,6,37,113,164
259,204,Jon Koncak,C,32,ORL,67,35,1288,84,175,0.48,3,9,0.333,81,166,0.488,0.489,32,57,0.561,63,209,272,51,27,44,41,226,203
260,205,Toni Kukoč*,SF,27,CHI,81,20,2103,386,787,0.49,87,216,0.403,299,571,0.524,0.546,206,267,0.772,115,208,323,287,64,28,114,150,1065
261,206,Christian Laettner,C,26,TOT,74,71,2495,442,907,0.487,9,39,0.231,433,868,0.499,0.492,324,396,0.818,184,354,538,197,71,71,187,276,1217
262,206,Christian Laettner,C,26,MIN,44,44,1518,283,582,0.486,9,31,0.29,274,551,0.497,0.494,217,266,0.816,98,204,302,129,40,43,112,157,792
263,206,Christian Laettner,C,26,ATL,30,27,977,159,325,0.489,0,8,0,159,317,0.502,0.489,107,130,0.823,86,150,236,68,31,28,75,119,425
264,207,Andrew Lang,C,29,TOT,71,69,2365,353,790,0.447,1,5,0.2,352,785,0.448,0.447,125,156,0.801,153,302,455,65,42,126,124,241,832
265,207,Andrew Lang,C,29,ATL,51,51,1815,281,619,0.454,0,3,0,281,616,0.456,0.454,95,118,0.805,111,223,334,62,35,85,94,178,657
266,207,Andrew Lang,C,29,MIN,20,18,550,72,171,0.421,1,2,0.5,71,169,0.42,0.424,30,38,0.789,42,79,121,3,7,41,30,63,175
267,208,Antonio Lang,SF,23,CLE,41,0,367,41,77,0.532,0,2,0,41,75,0.547,0.532,34,47,0.723,17,36,53,12,14,12,24,61,116
268,209,Eric Leckner,C,29,DET,18,8,155,18,29,0.621,0,0,,18,29,0.621,0.621,8,13,0.615,8,26,34,1,2,4,11,30,44
269,210,Tim Legler,SG,29,WSB,77,0,1775,233,460,0.507,128,245,0.522,105,215,0.488,0.646,132,153,0.863,29,111,140,136,45,12,45,141,726
270,211,Voshon Lenard,SG,22,MIA,30,0,323,53,141,0.376,36,101,0.356,17,40,0.425,0.504,34,43,0.791,12,40,52,31,6,1,23,31,176
271,212,Cedric Lewis,C,26,WSB,3,0,4,2,3,0.667,0,0,,2,3,0.667,0.667,0,0,,2,0,2,0,1,0,0,0,4
272,213,Martin Lewis,SF,20,TOR,16,0,189,29,60,0.483,2,7,0.286,27,53,0.509,0.5,15,25,0.6,15,14,29,3,8,3,14,21,75
273,214,Alton Lister,C,37,TOT,64,19,735,51,105,0.486,0,0,,51,105,0.486,0.486,41,64,0.641,67,213,280,19,6,42,48,136,143
274,214,Alton Lister,C,37,MIL,7,5,88,4,9,0.444,0,0,,4,9,0.444,0.444,2,2,1,7,22,29,4,0,3,4,15,10
275,214,Alton Lister,C,37,BOS,57,14,647,47,96,0.49,0,0,,47,96,0.49,0.49,39,62,0.629,60,191,251,15,6,39,44,121,133
276,215,Brad Lohaus,PF,31,TOT,55,8,598,71,175,0.406,51,122,0.418,20,53,0.377,0.551,4,5,0.8,7,57,64,44,10,17,20,70,197
277,215,Brad Lohaus,PF,31,SAS,32,1,273,39,96,0.406,27,65,0.415,12,31,0.387,0.547,2,3,0.667,5,28,33,17,2,7,9,34,107
278,215,Brad Lohaus,PF,31,NYK,23,7,325,32,79,0.405,24,57,0.421,8,22,0.364,0.557,2,2,1,2,29,31,27,8,10,11,36,90
279,216,Grant Long,PF,29,ATL,82,82,3008,395,838,0.471,31,86,0.36,364,752,0.484,0.49,257,337,0.763,248,540,788,183,108,34,157,233,1078
280,217,Luc Longley,C,27,CHI,62,62,1641,242,502,0.482,0,0,,242,502,0.482,0.482,80,103,0.777,104,214,318,119,22,84,114,223,564
281,218,George Lynch,SF,25,LAL,76,6,1012,117,272,0.43,4,13,0.308,113,259,0.436,0.438,53,80,0.663,82,127,209,51,47,10,40,106,291
282,219,Sam Mack,SF,25,HOU,31,20,868,121,287,0.422,54,135,0.4,67,152,0.441,0.516,39,46,0.848,18,80,98,79,22,9,28,75,335
283,220,Don MacLean,SF,26,DEN,56,5,1107,233,547,0.426,14,49,0.286,219,498,0.44,0.439,145,198,0.732,62,143,205,89,21,5,68,105,625
284,Rk,Player,Pos,Age,Tm,G,GS,MP,FG,FGA,FG%,3P,3PA,3P%,2P,2PA,2P%,eFG%,FT,FTA,FT%,ORB,DRB,TRB,AST,STL,BLK,TOV,PF,PTS
285,221,Mark Macon,PG,26,DET,23,0,287,29,67,0.433,7,15,0.467,22,52,0.423,0.485,9,11,0.818,10,12,22,16,15,0,9,34,74
286,222,Rick Mahorn,C,37,NJN,50,0,450,43,122,0.352,0,1,0,43,121,0.355,0.352,34,47,0.723,31,79,110,16,14,13,30,72,120
287,223,Dan Majerle,SF,30,CLE,82,15,2367,303,748,0.405,146,414,0.353,157,334,0.47,0.503,120,169,0.71,70,235,305,214,81,34,93,131,872
288,224,Jeff Malone,SG,34,TOT,32,3,510,76,193,0.394,5,16,0.313,71,177,0.401,0.407,29,32,0.906,8,32,40,26,16,0,22,25,186
289,224,Jeff Malone,SG,34,PHI,25,3,407,63,160,0.394,5,16,0.313,58,144,0.403,0.409,24,26,0.923,8,24,32,19,13,0,19,19,155
290,224,Jeff Malone,SG,34,MIA,7,0,103,13,33,0.394,0,0,,13,33,0.394,0.394,5,6,0.833,0,8,8,7,3,0,3,6,31
291,225,Karl Malone*,PF,32,UTA,82,82,3113,789,1520,0.519,16,40,0.4,773,1480,0.522,0.524,512,708,0.723,175,629,804,345,138,56,199,245,2106
292,226,Danny Manning,PF,29,PHO,33,4,816,178,388,0.459,3,14,0.214,175,374,0.468,0.463,82,109,0.752,30,113,143,65,38,24,77,121,441
293,227,Rich Manning,PF,25,VAN,29,0,311,49,113,0.434,0,1,0,49,112,0.438,0.434,9,14,0.643,16,39,55,7,3,6,17,37,107
294,228,Šarūnas Marčiulionis*,SG,31,SAC,53,0,1039,176,389,0.452,64,157,0.408,112,232,0.483,0.535,155,200,0.775,20,57,77,118,52,4,96,112,571
295,229,Donny Marshall,SF,23,CLE,34,0,208,24,68,0.353,7,30,0.233,17,38,0.447,0.404,22,35,0.629,9,17,26,7,8,2,7,26,77
296,230,Donyell Marshall,SF,22,GSW,62,6,934,125,314,0.398,28,94,0.298,97,220,0.441,0.443,64,83,0.771,65,148,213,49,22,31,48,83,342
297,231,Cuonzo Martin,SG,24,VAN,4,0,19,3,5,0.6,3,3,1,0,2,0,0.9,0,2,0,1,1,2,2,1,0,1,1,9
298,232,Darrick Martin,PG,24,TOT,59,16,1149,147,362,0.406,20,69,0.29,127,293,0.433,0.434,101,120,0.842,16,66,82,217,53,3,107,123,415
299,232,Darrick Martin,PG,24,VAN,24,0,402,59,131,0.45,5,22,0.227,54,109,0.495,0.469,38,46,0.826,13,25,38,61,27,1,37,47,161
300,232,Darrick Martin,PG,24,MIN,35,16,747,88,231,0.381,15,47,0.319,73,184,0.397,0.413,63,74,0.851,3,41,44,156,26,2,70,76,254
301,233,Jamal Mashburn,SF,23,DAL,18,18,669,145,383,0.379,35,102,0.343,110,281,0.391,0.424,97,133,0.729,37,60,97,50,14,3,55,39,422
302,234,Anthony Mason,SF,29,NYK,82,82,3457,449,798,0.563,0,0,,449,798,0.563,0.563,298,414,0.72,220,544,764,363,69,34,211,246,1196
303,235,Tony Massenburg,PF,28,TOT,54,28,1463,214,432,0.495,0,3,0,214,429,0.499,0.495,111,157,0.707,127,225,352,30,28,20,73,140,539
304,235,Tony Massenburg,PF,28,TOR,24,20,659,100,196,0.51,0,0,,100,196,0.51,0.51,43,65,0.662,52,114,166,18,13,9,35,67,243
305,235,Tony Massenburg,PF,28,PHI,30,8,804,114,236,0.483,0,3,0,114,233,0.489,0.483,68,92,0.739,75,111,186,12,15,11,38,73,296
306,236,Vernon Maxwell,PG,30,PHI,75,57,2467,410,1052,0.39,146,460,0.317,264,592,0.446,0.459,251,332,0.756,39,190,229,330,96,12,215,182,1217
307,237,Lee Mayberry,PG,25,MIL,82,20,1705,153,364,0.42,75,189,0.397,78,175,0.446,0.523,41,68,0.603,21,69,90,302,64,10,89,144,422
308,238,Bob McCann,PF,31,WSB,62,0,653,76,153,0.497,1,2,0.5,75,151,0.497,0.5,35,74,0.473,46,97,143,24,21,15,42,116,188
309,239,George McCloud,SF,28,DAL,79,63,2846,530,1281,0.414,257,678,0.379,273,603,0.453,0.514,180,224,0.804,116,263,379,212,113,38,166,212,1497
310,240,Clint McDaniel,SG,23,SAC,12,0,71,8,23,0.348,2,6,0.333,6,17,0.353,0.391,12,16,0.75,3,7,10,7,5,0,2,10,30
311,Rk,Player,Pos,Age,Tm,G,GS,MP,FG,FGA,FG%,3P,3PA,3P%,2P,2PA,2P%,eFG%,FT,FTA,FT%,ORB,DRB,TRB,AST,STL,BLK,TOV,PF,PTS
312,241,Antonio McDyess,PF,21,DEN,76,75,2280,427,881,0.485,0,4,0,427,877,0.487,0.485,166,243,0.683,229,343,572,75,54,114,154,250,1020
313,242,Jim McIlvaine,C,23,WSB,80,6,1195,62,145,0.428,0,0,,62,145,0.428,0.428,58,105,0.552,66,164,230,11,21,166,36,171,182
314,243,Derrick McKey,SF,29,IND,75,75,2440,346,712,0.486,17,68,0.25,329,644,0.511,0.498,170,221,0.769,123,238,361,262,83,44,143,246,879
315,244,Aaron McKie,SG,23,POR,81,73,2259,337,722,0.467,38,117,0.325,299,605,0.494,0.493,152,199,0.764,86,218,304,205,92,21,135,205,864
316,245,Nate McMillan,PG,31,SEA,55,14,1261,100,238,0.42,46,121,0.38,54,117,0.462,0.517,29,41,0.707,41,169,210,197,95,18,75,143,275
317,246,Loren Meyer,C,23,DAL,72,21,1266,145,330,0.439,3,11,0.273,142,319,0.445,0.444,70,102,0.686,114,205,319,57,20,32,67,224,363
318,247,Anthony Miller,PF,24,LAL,27,0,123,15,35,0.429,0,2,0,15,33,0.455,0.429,6,10,0.6,11,14,25,4,4,1,8,19,36
319,248,Oliver Miller,PF,25,TOR,76,72,2516,418,795,0.526,0,11,0,418,784,0.533,0.526,146,221,0.661,177,385,562,219,108,143,202,277,982
320,249,Reggie Miller*,SG,30,IND,76,76,2621,504,1066,0.473,168,410,0.41,336,656,0.512,0.552,430,498,0.863,38,176,214,253,77,13,189,175,1606
321,250,Chris Mills,SF,26,CLE,80,80,3060,454,971,0.468,79,210,0.376,375,761,0.493,0.508,218,263,0.829,112,331,443,188,73,52,121,241,1205
322,251,Terry Mills,PF,28,DET,82,5,1656,283,675,0.419,82,207,0.396,201,468,0.429,0.48,121,157,0.771,108,244,352,98,42,20,98,197,769
323,252,Harold Miner,SG,24,CLE,19,0,136,23,52,0.442,2,10,0.2,21,42,0.5,0.462,13,13,1,4,8,12,8,0,0,14,23,61
324,253,Greg Minor,SG,24,BOS,78,47,1761,320,640,0.5,7,27,0.259,313,613,0.511,0.505,99,130,0.762,93,164,257,146,36,11,78,161,746
325,254,Sam Mitchell,SF,32,MIN,78,42,2145,303,618,0.49,1,18,0.056,302,600,0.503,0.491,237,291,0.814,107,232,339,74,49,26,87,220,844
326,255,Eric Mobley,C,25,TOT,39,4,676,74,138,0.536,1,2,0.5,73,136,0.537,0.54,39,87,0.448,54,86,140,22,14,24,50,87,188
327,255,Eric Mobley,C,25,MIL,5,3,65,2,7,0.286,0,0,,2,7,0.286,0.286,2,4,0.5,3,9,12,0,1,1,1,5,6
328,255,Eric Mobley,C,25,VAN,34,1,611,72,131,0.55,1,2,0.5,71,129,0.55,0.553,37,83,0.446,51,77,128,22,13,23,49,82,182
329,256,Eric Montross,C,24,BOS,61,59,1432,196,346,0.566,0,0,,196,346,0.566,0.566,50,133,0.376,119,233,352,43,19,29,83,181,442
330,257,Tracy Moore,SG,30,HOU,8,2,190,30,76,0.395,13,30,0.433,17,46,0.37,0.48,18,19,0.947,10,12,22,6,2,0,8,16,91
331,258,Chris Morris,SG,30,UTA,66,33,1424,265,606,0.437,63,197,0.32,202,409,0.494,0.489,98,127,0.772,100,129,229,77,63,20,71,140,691
332,259,Lawrence Moten,SG,23,VAN,44,3,573,112,247,0.453,18,55,0.327,94,192,0.49,0.49,49,75,0.653,36,25,61,50,29,8,44,54,291
333,260,Alonzo Mourning*,C,25,MIA,70,70,2671,563,1076,0.523,9,30,0.3,554,1046,0.53,0.527,488,712,0.685,218,509,727,159,70,189,262,245,1623
334,Rk,Player,Pos,Age,Tm,G,GS,MP,FG,FGA,FG%,3P,3PA,3P%,2P,2PA,2P%,eFG%,FT,FTA,FT%,ORB,DRB,TRB,AST,STL,BLK,TOV,PF,PTS
335,261,Chris Mullin*,SF,32,GSW,55,19,1617,269,539,0.499,59,150,0.393,210,389,0.54,0.554,137,160,0.856,44,115,159,194,75,32,122,127,734
336,262,Todd Mundt,C,25,TOT,33,0,151,16,41,0.39,0,0,,16,41,0.39,0.39,5,8,0.625,11,17,28,3,2,5,3,29,37
337,262,Todd Mundt,C,25,ATL,24,0,118,13,32,0.406,0,0,,13,32,0.406,0.406,5,8,0.625,10,15,25,2,1,4,3,23,31
338,262,Todd Mundt,C,25,BOS,9,0,33,3,9,0.333,0,0,,3,9,0.333,0.333,0,0,,1,2,3,1,1,1,0,6,6
339,263,Eric Murdock,PG,27,TOT,73,14,1673,244,587,0.416,45,145,0.31,199,442,0.45,0.454,114,143,0.797,26,143,169,327,135,9,132,140,647
340,263,Eric Murdock,PG,27,MIL,9,0,193,24,66,0.364,6,23,0.261,18,43,0.419,0.409,8,12,0.667,5,9,14,35,6,0,12,16,62
341,263,Eric Murdock,PG,27,VAN,64,14,1480,220,521,0.422,39,122,0.32,181,399,0.454,0.46,106,131,0.809,21,134,155,292,129,9,120,124,585
342,264,Gheorghe Mureșan,C,24,WSB,76,76,2242,466,798,0.584,0,1,0,466,797,0.585,0.584,172,278,0.619,248,480,728,56,52,172,143,297,1104
343,265,Lamond Murray,SF,22,LAC,77,32,1816,257,575,0.447,37,116,0.319,220,459,0.479,0.479,99,132,0.75,89,157,246,84,61,25,108,151,650
344,266,Tracy Murray,SF,24,TOR,82,37,2458,496,1092,0.454,151,358,0.422,345,734,0.47,0.523,182,219,0.831,114,238,352,131,87,40,132,208,1325
345,267,Dikembe Mutombo*,C,29,DEN,74,74,2713,284,569,0.499,0,1,0,284,568,0.5,0.499,246,354,0.695,249,622,871,108,38,332,150,258,814
346,268,Pete Myers,SG,32,TOT,71,2,1092,91,247,0.368,14,58,0.241,77,189,0.407,0.397,80,122,0.656,35,105,140,145,34,17,81,132,276
347,268,Pete Myers,SG,32,MIA,39,1,639,62,160,0.388,11,42,0.262,51,118,0.432,0.422,49,76,0.645,21,52,73,97,14,11,56,75,184
348,268,Pete Myers,SG,32,CHH,32,1,453,29,87,0.333,3,16,0.188,26,71,0.366,0.351,31,46,0.674,14,53,67,48,20,6,25,57,92
349,269,Howard Nathan,PG,24,ATL,5,0,15,5,9,0.556,0,1,0,5,8,0.625,0.556,3,4,0.75,0,0,0,2,3,0,8,2,13
350,270,Johnny Newman,SG,32,MIL,82,82,2690,321,649,0.495,61,162,0.377,260,487,0.534,0.542,186,232,0.802,66,134,200,154,90,15,108,257,889
351,271,Ken Norman,SF,31,ATL,34,28,770,127,273,0.465,33,84,0.393,94,189,0.497,0.526,17,48,0.354,40,92,132,63,15,16,46,68,304
352,272,Ed O'Bannon,SG,23,NJN,64,29,1253,156,400,0.39,10,56,0.179,146,344,0.424,0.403,77,108,0.713,65,103,168,63,44,11,62,95,399
353,273,Shaquille O'Neal*,C,23,ORL,54,52,1946,592,1033,0.573,1,2,0.5,591,1031,0.573,0.574,249,511,0.487,182,414,596,155,34,115,155,193,1434
354,274,Dan O'Sullivan,C,27,TOR,5,2,139,13,35,0.371,0,1,0,13,34,0.382,0.371,7,8,0.875,13,19,32,2,2,4,5,13,33
355,275,Charles Oakley,PF,32,NYK,53,51,1775,211,448,0.471,7,26,0.269,204,422,0.483,0.479,175,210,0.833,162,298,460,137,58,14,104,195,604
356,276,Hakeem Olajuwon*,C,33,HOU,72,72,2797,768,1494,0.514,3,14,0.214,765,1480,0.517,0.515,397,548,0.724,176,608,784,257,113,207,247,242,1936
357,277,Greg Ostertag,C,22,UTA,57,10,661,86,182,0.473,0,0,,86,182,0.473,0.473,36,54,0.667,57,118,175,5,5,63,25,91,208
358,278,Bo Outlaw,PF,24,LAC,80,3,985,107,186,0.575,0,3,0,107,183,0.585,0.575,72,162,0.444,87,113,200,50,44,91,45,127,286
359,279,Doug Overton,PG,26,DEN,55,0,607,67,178,0.376,8,26,0.308,59,152,0.388,0.399,40,55,0.727,8,55,63,106,13,5,40,49,182
360,280,Billy Owens,SF,26,TOT,62,51,1982,323,673,0.48,5,18,0.278,318,655,0.485,0.484,157,247,0.636,143,268,411,204,49,38,164,192,808
361,280,Billy Owens,SF,26,MIA,40,40,1388,239,473,0.505,0,6,0,239,467,0.512,0.505,112,177,0.633,94,192,286,134,30,22,113,132,590
362,280,Billy Owens,SF,26,SAC,22,11,594,84,200,0.42,5,12,0.417,79,188,0.42,0.433,45,70,0.643,49,76,125,70,19,16,51,60,218
363,Rk,Player,Pos,Age,Tm,G,GS,MP,FG,FGA,FG%,3P,3PA,3P%,2P,2PA,2P%,eFG%,FT,FTA,FT%,ORB,DRB,TRB,AST,STL,BLK,TOV,PF,PTS
364,281,Robert Pack,PG,26,WSB,31,31,1084,190,444,0.428,26,98,0.265,164,346,0.474,0.457,154,182,0.846,29,103,132,242,62,1,114,68,560
365,282,Robert Parish*,C,42,CHH,74,34,1086,120,241,0.498,0,0,,120,241,0.498,0.498,50,71,0.704,89,214,303,29,21,54,50,80,290
366,283,Cherokee Parks,C,23,DAL,64,3,869,101,247,0.409,7,26,0.269,94,221,0.425,0.423,41,62,0.661,66,150,216,29,25,32,31,100,250
367,284,Gary Payton*,PG,27,SEA,81,81,3162,618,1276,0.484,98,299,0.328,520,977,0.532,0.523,229,306,0.748,104,235,339,608,231,19,260,221,1563
368,285,Anthony Peeler,SG,26,LAL,73,12,1608,272,602,0.452,105,254,0.413,167,348,0.48,0.539,61,86,0.709,45,92,137,118,59,10,56,139,710
369,286,Mike Peplowski,C,25,TOT,7,0,17,3,5,0.6,0,0,,3,5,0.6,0.6,1,3,0.333,1,3,4,1,1,2,2,10,7
370,286,Mike Peplowski,C,25,WSB,2,0,5,0,0,,0,0,,0,0,,,0,0,,0,0,0,0,0,0,0,4,0
371,286,Mike Peplowski,C,25,MIL,5,0,12,3,5,0.6,0,0,,3,5,0.6,0.6,1,3,0.333,1,3,4,1,1,2,2,6,7
372,287,Will Perdue,C,30,SAS,80,22,1396,173,331,0.523,0,1,0,173,330,0.524,0.523,67,125,0.536,175,310,485,33,28,75,86,183,413
373,288,Sam Perkins,PF,34,SEA,82,20,2169,325,797,0.408,129,363,0.355,196,434,0.452,0.489,191,241,0.793,101,266,367,120,83,48,82,174,970
374,289,Elliot Perry,PG,26,PHO,81,26,1668,261,549,0.475,24,59,0.407,237,490,0.484,0.497,151,194,0.778,34,102,136,353,87,5,146,140,697
375,290,Tim Perry,PF,30,TOT,30,1,254,31,65,0.477,4,8,0.5,27,57,0.474,0.508,5,9,0.556,21,27,48,8,4,13,10,16,71
376,290,Tim Perry,PF,30,PHI,8,0,87,8,18,0.444,1,1,1,7,17,0.412,0.472,2,3,0.667,6,7,13,2,2,3,3,5,19
377,290,Tim Perry,PF,30,NJN,22,1,167,23,47,0.489,3,7,0.429,20,40,0.5,0.521,3,6,0.5,15,20,35,6,2,10,7,11,52
378,291,Chuck Person,SF,31,SAS,80,16,2131,308,705,0.437,190,463,0.41,118,242,0.488,0.572,67,104,0.644,76,337,413,100,49,26,91,197,873
379,292,Wesley Person,SG,24,PHO,82,47,2609,390,877,0.445,117,313,0.374,273,564,0.484,0.511,148,192,0.771,56,265,321,138,55,22,89,148,1045
380,293,Bobby Phills,SG,26,CLE,72,69,2530,386,826,0.467,93,211,0.441,293,615,0.476,0.524,186,240,0.775,62,199,261,271,102,27,126,192,1051
381,294,Eric Piatkowski,SG,25,LAC,65,1,784,98,242,0.405,38,114,0.333,60,128,0.469,0.483,67,82,0.817,40,63,103,48,24,10,45,83,301
382,295,Ricky Pierce,SG,36,IND,76,2,1404,264,590,0.447,35,104,0.337,229,486,0.471,0.477,174,205,0.849,40,96,136,101,57,6,93,188,737
383,296,Ed Pinckney,PF,32,TOT,74,47,1710,171,335,0.51,0,3,0,171,332,0.515,0.51,136,179,0.76,189,269,458,72,64,28,77,156,478
384,296,Ed Pinckney,PF,32,TOR,47,24,1031,117,233,0.502,0,3,0,117,230,0.509,0.502,94,124,0.758,115,167,282,50,31,17,54,101,328
385,296,Ed Pinckney,PF,32,PHI,27,23,679,54,102,0.529,0,0,,54,102,0.529,0.529,42,55,0.764,74,102,176,22,33,11,23,55,150
386,297,Scottie Pippen*,SF,30,CHI,77,77,2825,563,1216,0.463,150,401,0.374,413,815,0.507,0.525,220,324,0.679,152,344,496,452,133,57,207,198,1496
387,298,Olden Polynice,C,31,SAC,81,80,2441,431,818,0.527,1,3,0.333,430,815,0.528,0.528,122,203,0.601,257,507,764,58,52,66,127,250,985
388,299,Terry Porter,PG,32,MIN,82,40,2072,269,608,0.442,71,226,0.314,198,382,0.518,0.501,164,209,0.785,36,176,212,452,89,15,173,154,773
389,300,Brent Price,PG,27,WSB,81,50,2042,252,534,0.472,139,301,0.462,113,233,0.485,0.602,167,191,0.874,38,190,228,416,78,4,153,184,810
390,Rk,Player,Pos,Age,Tm,G,GS,MP,FG,FGA,FG%,3P,3PA,3P%,2P,2PA,2P%,eFG%,FT,FTA,FT%,ORB,DRB,TRB,AST,STL,BLK,TOV,PF,PTS
391,301,Mark Price,PG,31,WSB,7,1,127,18,60,0.3,10,30,0.333,8,30,0.267,0.383,10,10,1,1,6,7,18,6,0,10,7,56
392,302,Kevin Pritchard,PG,28,WSB,2,0,22,2,3,0.667,1,1,1,1,2,0.5,0.833,2,3,0.667,0,2,2,7,2,0,0,3,7
393,303,Theo Ratliff,C,22,DET,75,2,1305,128,230,0.557,0,1,0,128,229,0.559,0.557,85,120,0.708,110,187,297,13,16,116,56,144,341
394,304,Dino Radja*,PF,28,BOS,53,52,1984,426,852,0.5,0,0,,426,852,0.5,0.5,191,275,0.695,113,409,522,83,48,81,117,161,1043
395,305,Eldridge Recasner,SG,28,HOU,63,27,1275,149,359,0.415,81,191,0.424,68,168,0.405,0.528,57,66,0.864,31,113,144,170,23,5,61,111,436
396,306,Bryant Reeves,C,22,VAN,77,63,2460,401,877,0.457,0,3,0,401,874,0.459,0.457,219,299,0.732,178,392,570,109,43,55,157,226,1021
397,307,Khalid Reeves,PG,23,TOT,51,12,833,95,227,0.419,28,91,0.308,67,136,0.493,0.48,61,82,0.744,18,61,79,118,37,3,63,115,279
398,307,Khalid Reeves,PG,23,CHH,20,5,418,54,118,0.458,11,36,0.306,43,82,0.524,0.504,43,51,0.843,11,29,40,72,16,1,30,46,162
399,307,Khalid Reeves,PG,23,NJN,31,7,415,41,109,0.376,17,55,0.309,24,54,0.444,0.454,18,31,0.581,7,32,39,46,21,2,33,69,117
400,308,Don Reid,PF,22,DET,69,46,997,106,187,0.567,0,0,,106,187,0.567,0.567,51,77,0.662,78,125,203,11,47,40,41,199,263
401,309,J.R. Reid,PF,27,TOT,65,21,1313,160,324,0.494,0,1,0,160,323,0.495,0.494,107,142,0.754,73,182,255,42,43,17,79,187,427
402,309,J.R. Reid,PF,27,SAS,32,5,643,72,164,0.439,0,1,0,72,163,0.442,0.439,64,87,0.736,35,88,123,14,25,10,49,98,208
403,309,J.R. Reid,PF,27,NYK,33,16,670,88,160,0.55,0,0,,88,160,0.55,0.55,43,55,0.782,38,94,132,28,18,7,30,89,219
404,310,Terrence Rencher,PG,22,TOT,36,1,405,33,100,0.33,9,29,0.31,24,71,0.338,0.375,31,46,0.674,9,35,44,54,16,2,43,37,106
405,310,Terrence Rencher,PG,22,MIA,34,1,397,32,99,0.323,9,29,0.31,23,70,0.329,0.369,30,43,0.698,9,33,42,54,16,1,41,36,103
406,310,Terrence Rencher,PG,22,PHO,2,0,8,1,1,1,0,0,,1,1,1,1,1,3,0.333,0,2,2,0,0,1,2,1,3
407,311,Shawn Respert,SG,23,MIL,62,0,845,113,292,0.387,42,122,0.344,71,170,0.418,0.459,35,42,0.833,28,46,74,68,32,4,42,67,303
408,312,Jerry Reynolds,SF,33,MIL,19,0,191,21,53,0.396,1,10,0.1,20,43,0.465,0.406,13,21,0.619,13,20,33,12,15,6,16,20,56
409,313,Glen Rice,SF,28,CHH,79,79,3142,610,1296,0.471,171,403,0.424,439,893,0.492,0.537,319,381,0.837,86,292,378,232,91,19,163,217,1710
410,314,Pooh Richardson,PG,29,LAC,63,61,2013,281,664,0.423,94,245,0.384,187,419,0.446,0.494,78,105,0.743,35,123,158,340,77,13,95,134,734
411,315,Mitch Richmond*,SG,30,SAC,81,81,2946,611,1368,0.447,225,515,0.437,386,853,0.453,0.529,425,491,0.866,54,215,269,255,125,19,220,233,1872
412,316,Isaiah Rider,SG,24,MIN,75,68,2594,560,1206,0.464,102,275,0.371,458,931,0.492,0.507,248,296,0.838,99,210,309,213,48,23,201,204,1470
413,317,Eric Riley,C,25,MIN,25,10,310,35,74,0.473,0,1,0,35,73,0.479,0.473,22,28,0.786,32,44,76,5,8,16,17,42,92
414,318,Doc Rivers,PG,34,SAS,78,0,1235,108,290,0.372,47,137,0.343,61,153,0.399,0.453,48,64,0.75,30,108,138,123,73,21,57,175,311
415,319,Fred Roberts,C,35,LAL,33,1,317,48,97,0.495,4,14,0.286,44,83,0.53,0.515,22,28,0.786,18,29,47,26,16,4,24,24,122
416,320,Stanley Roberts,C,25,LAC,51,7,795,141,304,0.464,0,0,,141,304,0.464,0.464,74,133,0.556,42,120,162,41,15,39,48,153,356
417,Rk,Player,Pos,Age,Tm,G,GS,MP,FG,FGA,FG%,3P,3PA,3P%,2P,2PA,2P%,eFG%,FT,FTA,FT%,ORB,DRB,TRB,AST,STL,BLK,TOV,PF,PTS
418,321,Alvin Robertson,SG,33,TOR,77,69,2478,285,607,0.47,41,151,0.272,244,456,0.535,0.503,107,158,0.677,110,232,342,323,166,36,183,268,718
419,322,Clifford Robinson,SF,29,POR,78,76,2980,553,1306,0.423,178,471,0.378,375,835,0.449,0.492,360,542,0.664,123,320,443,190,86,68,194,248,1644
420,323,David Robinson*,C,30,SAS,82,82,3019,711,1378,0.516,3,9,0.333,708,1369,0.517,0.517,626,823,0.761,319,681,1000,247,111,271,190,262,2051
421,324,Glenn Robinson,SF,23,MIL,82,82,3249,627,1382,0.454,90,263,0.342,537,1119,0.48,0.486,316,389,0.812,136,368,504,293,95,42,282,236,1660
422,325,James Robinson,PG,25,POR,76,5,1627,229,574,0.399,102,284,0.359,127,290,0.438,0.488,89,135,0.659,44,113,157,150,34,16,111,146,649
423,326,Rumeal Robinson,PG,29,POR,43,14,715,92,221,0.416,30,79,0.38,62,142,0.437,0.484,33,51,0.647,19,59,78,142,26,5,72,79,247
424,327,Dennis Rodman*,PF,34,CHI,64,57,2088,146,304,0.48,3,27,0.111,143,277,0.516,0.485,56,106,0.528,356,596,952,160,36,27,138,196,351
425,328,Lou Roe,SF,23,DET,49,2,372,32,90,0.356,2,9,0.222,30,81,0.37,0.367,24,32,0.75,30,48,78,15,10,8,17,42,90
426,329,Carlos Rogers,PF,24,TOR,56,18,1043,178,344,0.517,3,21,0.143,175,323,0.542,0.522,71,130,0.546,80,90,170,35,25,48,61,87,430
427,330,Rodney Rogers,SF,24,LAC,67,51,1950,306,641,0.477,49,153,0.32,257,488,0.527,0.516,113,180,0.628,113,173,286,167,75,35,144,216,774
428,331,Sean Rooks,C,26,TOT,65,7,1117,144,285,0.505,1,7,0.143,143,278,0.514,0.507,135,202,0.668,81,174,255,47,23,42,80,141,424
429,331,Sean Rooks,C,26,MIN,49,7,902,112,227,0.493,1,6,0.167,111,221,0.502,0.496,106,159,0.667,60,144,204,38,19,28,49,106,331
430,331,Sean Rooks,C,26,ATL,16,0,215,32,58,0.552,0,1,0,32,57,0.561,0.552,29,43,0.674,21,30,51,9,4,14,31,35,93
431,332,Jalen Rose,SG,23,DEN,80,37,2134,290,604,0.48,32,108,0.296,258,496,0.52,0.507,191,277,0.69,46,214,260,495,53,39,234,229,803
432,333,Donald Royal,SF,29,ORL,64,7,963,106,216,0.491,0,2,0,106,214,0.495,0.491,125,164,0.762,57,96,153,42,29,15,52,97,337
433,334,Clifford Rozier,C,23,GSW,59,1,723,79,135,0.585,0,2,0,79,133,0.594,0.585,26,55,0.473,71,100,171,22,19,30,40,135,184
434,335,Trevor Ruffin,PG,25,PHI,61,23,1551,263,648,0.406,104,284,0.366,159,364,0.437,0.486,148,182,0.813,21,111,132,269,43,2,149,132,778
435,336,Stefano Rusconi,PF,27,PHO,7,0,30,3,9,0.333,0,0,,3,9,0.333,0.333,2,5,0.4,3,3,6,3,0,2,3,10,8
436,337,Bryon Russell,SF,25,UTA,59,9,577,56,142,0.394,14,40,0.35,42,102,0.412,0.444,48,67,0.716,28,62,90,29,29,8,36,66,174
437,338,Arvydas Sabonis*,C,31,POR,73,21,1735,394,723,0.545,39,104,0.375,355,619,0.574,0.572,231,305,0.757,147,441,588,130,64,78,154,211,1058
438,339,John Salley,PF,31,TOT,42,6,673,63,140,0.45,0,0,,63,140,0.45,0.45,59,85,0.694,46,94,140,54,19,27,55,110,185
439,339,John Salley,PF,31,TOR,25,6,482,51,105,0.486,0,0,,51,105,0.486,0.486,47,65,0.723,26,71,97,39,11,12,39,72,149
440,339,John Salley,PF,31,CHI,17,0,191,12,35,0.343,0,0,,12,35,0.343,0.343,12,20,0.6,20,23,43,15,8,15,16,38,36
441,340,Danny Schayes,C,36,MIA,32,6,399,32,94,0.34,0,0,,32,94,0.34,0.34,37,46,0.804,29,60,89,9,11,16,23,60,101
442,Rk,Player,Pos,Age,Tm,G,GS,MP,FG,FGA,FG%,3P,3PA,3P%,2P,2PA,2P%,eFG%,FT,FTA,FT%,ORB,DRB,TRB,AST,STL,BLK,TOV,PF,PTS
443,341,Steve Scheffler,C,28,SEA,35,2,181,24,45,0.533,1,5,0.2,23,40,0.575,0.544,9,19,0.474,15,18,33,2,6,2,8,25,58
444,342,Dwayne Schintzius,C,27,IND,33,8,297,49,110,0.445,0,0,,49,110,0.445,0.445,13,21,0.619,23,55,78,14,9,12,19,53,111
445,343,Detlef Schrempf,SF,33,SEA,63,60,2200,360,740,0.486,73,179,0.408,287,561,0.512,0.536,287,370,0.776,73,255,328,276,56,8,146,179,1080
446,344,Byron Scott,SG,34,VAN,80,0,1894,271,676,0.401,74,221,0.335,197,455,0.433,0.456,203,243,0.835,40,152,192,123,63,22,100,126,819
447,345,Dennis Scott,SF,27,ORL,82,82,3041,491,1117,0.44,267,628,0.425,224,489,0.458,0.559,182,222,0.82,63,246,309,243,90,29,122,169,1431
448,346,Malik Sealy,SF,25,LAC,62,48,1601,272,655,0.415,21,100,0.21,251,555,0.452,0.431,147,184,0.799,76,164,240,116,84,28,113,150,712
449,347,Rony Seikaly,C,30,GSW,64,60,1813,285,568,0.502,2,3,0.667,283,565,0.501,0.504,204,282,0.723,166,333,499,71,40,69,180,219,776
450,348,Brian Shaw,PG,29,ORL,75,1,1679,182,486,0.374,41,144,0.285,141,342,0.412,0.417,91,114,0.798,58,166,224,336,58,11,173,160,496
451,349,Lionel Simmons,SF,27,SAC,54,5,810,86,217,0.396,19,51,0.373,67,166,0.404,0.44,55,75,0.733,41,104,145,83,31,20,51,85,246
452,350,Dickey Simpkins,PF,23,CHI,60,12,685,77,160,0.481,1,1,1,76,159,0.478,0.484,61,97,0.629,66,90,156,38,9,8,56,78,216
453,351,Scott Skiles,PG,31,PHI,10,9,236,20,57,0.351,15,34,0.441,5,23,0.217,0.482,8,10,0.8,1,15,16,38,7,0,16,21,63
454,352,Reggie Slater,PF,25,TOT,11,0,72,14,27,0.519,0,0,,14,27,0.519,0.519,3,7,0.429,4,11,15,2,2,3,9,11,31
455,352,Reggie Slater,PF,25,POR,4,0,20,3,5,0.6,0,0,,3,5,0.6,0.6,0,0,,0,3,3,0,1,2,3,1,6
456,352,Reggie Slater,PF,25,DEN,4,0,26,6,11,0.545,0,0,,6,11,0.545,0.545,2,5,0.4,3,4,7,2,1,1,3,4,14
457,352,Reggie Slater,PF,25,DAL,3,0,26,5,11,0.455,0,0,,5,11,0.455,0.455,1,2,0.5,1,4,5,0,0,0,3,6,11
458,353,Charles Smith,PG,28,MIN,8,0,39,3,10,0.3,0,3,0,3,7,0.429,0.3,0,2,0,0,5,5,6,1,0,5,7,6
459,354,Charles Smith,PF,30,TOT,73,34,1716,244,578,0.422,2,15,0.133,242,563,0.43,0.424,119,163,0.73,133,229,362,65,50,80,106,224,609
460,354,Charles Smith,PF,30,NYK,41,4,890,114,294,0.388,2,15,0.133,112,279,0.401,0.391,73,103,0.709,59,101,160,29,18,51,61,124,303
461,354,Charles Smith,PF,30,SAS,32,30,826,130,284,0.458,0,0,,130,284,0.458,0.458,46,60,0.767,74,128,202,36,32,29,45,100,306
462,355,Doug Smith,PF,26,BOS,17,2,92,14,39,0.359,0,0,,14,39,0.359,0.359,5,8,0.625,12,10,22,4,3,0,11,21,33
463,356,Joe Smith,PF,20,GSW,82,82,2821,469,1024,0.458,10,28,0.357,459,996,0.461,0.463,303,392,0.773,300,417,717,79,85,134,138,224,1251
464,357,Kenny Smith,PG,30,HOU,68,56,1617,201,464,0.433,91,238,0.382,110,226,0.487,0.531,87,106,0.821,21,75,96,245,47,3,100,116,580
465,358,Michael Smith,PF,23,SAC,65,0,1384,144,238,0.605,1,1,1,143,237,0.603,0.607,68,177,0.384,143,246,389,110,47,46,72,166,357
466,359,Steve Smith,SG,26,ATL,80,80,2856,494,1143,0.432,140,423,0.331,354,720,0.492,0.493,318,385,0.826,124,202,326,224,68,17,151,207,1446
467,360,Tony Smith,SG,27,TOT,59,3,938,116,274,0.423,38,116,0.328,78,158,0.494,0.493,28,46,0.609,30,65,95,154,37,10,66,106,298
468,360,Tony Smith,SG,27,PHO,34,2,528,70,173,0.405,25,77,0.325,45,96,0.469,0.477,24,37,0.649,24,32,56,86,21,5,40,60,189
469,360,Tony Smith,SG,27,MIA,25,1,410,46,101,0.455,13,39,0.333,33,62,0.532,0.52,4,9,0.444,6,33,39,68,16,5,26,46,109
470,Rk,Player,Pos,Age,Tm,G,GS,MP,FG,FGA,FG%,3P,3PA,3P%,2P,2PA,2P%,eFG%,FT,FTA,FT%,ORB,DRB,TRB,AST,STL,BLK,TOV,PF,PTS
471,361,Rik Smits,C,29,IND,63,63,1901,466,894,0.521,1,5,0.2,465,889,0.523,0.522,231,293,0.788,119,314,433,110,21,45,160,226,1164
472,362,Eric Snow,PG,22,SEA,43,1,389,42,100,0.42,2,10,0.2,40,90,0.444,0.43,29,49,0.592,9,34,43,73,28,0,38,53,115
473,363,Elmore Spencer,C,26,TOT,17,0,58,5,13,0.385,0,0,,5,13,0.385,0.385,4,6,0.667,3,10,13,1,0,2,6,12,14
474,363,Elmore Spencer,C,26,DEN,6,0,21,0,1,0,0,0,,0,1,0,0,0,0,,1,3,4,0,0,0,3,8,0
475,363,Elmore Spencer,C,26,POR,11,0,37,5,12,0.417,0,0,,5,12,0.417,0.417,4,6,0.667,2,7,9,1,0,2,3,4,14
476,364,Felton Spencer,C,28,UTA,71,70,1267,146,281,0.52,0,0,,146,281,0.52,0.52,104,151,0.689,100,206,306,11,20,54,77,240,396
477,365,Latrell Sprewell,SG,25,GSW,78,78,3064,515,1202,0.428,91,282,0.323,424,920,0.461,0.466,352,446,0.789,124,256,380,328,127,45,222,150,1473
478,366,Jerry Stackhouse,SG,21,PHI,72,71,2701,452,1091,0.414,93,292,0.318,359,799,0.449,0.457,387,518,0.747,90,175,265,278,76,79,252,179,1384
479,367,John Starks,SG,30,NYK,81,71,2491,375,846,0.443,143,396,0.361,232,450,0.516,0.528,131,174,0.753,31,206,237,315,103,11,156,226,1024
480,368,Bryant Stith,SG,25,DEN,82,77,2810,379,911,0.416,41,148,0.277,338,763,0.443,0.439,320,379,0.844,125,275,400,241,114,16,157,187,1119
481,369,John Stockton*,PG,33,UTA,82,82,2915,440,818,0.538,95,225,0.422,345,593,0.582,0.596,234,282,0.83,54,172,226,916,140,15,246,207,1209
482,370,Damon Stoudamire,PG,22,TOR,70,70,2865,481,1129,0.426,133,337,0.395,348,792,0.439,0.485,236,296,0.797,59,222,281,653,98,19,267,166,1331
483,371,Rod Strickland,PG,29,POR,67,63,2526,471,1023,0.46,38,111,0.342,433,912,0.475,0.479,276,423,0.652,89,208,297,640,97,16,255,135,1256
484,372,Derek Strong,PF,27,LAL,63,0,746,72,169,0.426,1,9,0.111,71,160,0.444,0.429,69,85,0.812,60,118,178,32,18,12,20,80,214
485,373,Bob Sura,SG,22,CLE,79,3,1150,148,360,0.411,27,78,0.346,121,282,0.429,0.449,99,141,0.702,34,101,135,233,56,21,115,126,422
486,374,Greg Sutton,PG,28,TOT,48,2,655,85,217,0.392,47,117,0.402,38,100,0.38,0.5,35,46,0.761,8,42,50,102,25,2,62,92,252
487,374,Greg Sutton,PG,28,CHH,18,0,190,20,50,0.4,7,21,0.333,13,29,0.448,0.47,15,19,0.789,4,11,15,39,8,0,17,36,62
488,374,Greg Sutton,PG,28,PHI,30,2,465,65,167,0.389,40,96,0.417,25,71,0.352,0.509,20,27,0.741,4,31,35,63,17,2,45,56,190
489,375,Larry Sykes,PF,22,BOS,1,0,2,0,0,,0,0,,0,0,,,0,0,,1,1,2,0,0,0,1,0,0
490,376,Žan Tabak,C,25,TOR,67,18,1332,225,414,0.543,0,1,0,225,413,0.545,0.543,64,114,0.561,117,203,320,62,24,31,101,204,514
491,377,Kurt Thomas,PF,23,MIA,74,42,1655,274,547,0.501,0,2,0,274,545,0.503,0.501,118,178,0.663,122,317,439,46,47,36,98,271,666
492,378,Brooks Thompson,PG,25,ORL,33,0,246,48,103,0.466,25,64,0.391,23,39,0.59,0.587,19,27,0.704,4,20,24,31,12,0,24,35,140
493,379,LaSalle Thompson,C,34,PHI,44,11,773,33,83,0.398,0,0,,33,83,0.398,0.398,19,24,0.792,62,137,199,26,19,20,37,125,85
494,380,Bob Thornton,PF,33,WSB,7,0,31,1,6,0.167,0,0,,1,6,0.167,0.167,1,2,0.5,6,6,12,0,1,0,1,7,3
495,Rk,Player,Pos,Age,Tm,G,GS,MP,FG,FGA,FG%,3P,3PA,3P%,2P,2PA,2P%,eFG%,FT,FTA,FT%,ORB,DRB,TRB,AST,STL,BLK,TOV,PF,PTS
496,381,Otis Thorpe,PF,33,DET,82,82,2841,452,853,0.53,0,4,0,452,849,0.532,0.53,257,362,0.71,211,477,688,158,53,39,195,300,1161
497,382,Sedale Threatt,PG,34,LAL,82,8,1687,241,526,0.458,60,169,0.355,181,357,0.507,0.515,54,71,0.761,20,75,95,269,68,11,74,178,596
498,383,Wayman Tisdale,PF,31,PHO,63,6,1152,279,564,0.495,0,0,,279,564,0.495,0.495,114,149,0.765,55,159,214,58,15,36,63,188,672
499,384,Andy Toolson,SF,30,UTA,13,0,53,8,22,0.364,3,12,0.25,5,10,0.5,0.432,3,4,0.75,0,6,6,1,0,0,2,12,22
500,385,Keith Tower,C,25,LAC,34,1,305,32,72,0.444,0,1,0,32,71,0.451,0.444,18,26,0.692,22,29,51,5,4,11,16,50,82
501,386,Gary Trent,PF,21,POR,69,10,1219,220,429,0.513,0,9,0,220,420,0.524,0.513,78,141,0.553,84,154,238,50,25,11,92,116,518
502,387,Jeff Turner,PF,33,ORL,13,0,192,18,51,0.353,9,27,0.333,9,24,0.375,0.441,2,2,1,10,18,28,6,2,1,11,33,47
503,388,Nick Van Exel,PG,24,LAL,74,74,2513,396,950,0.417,144,403,0.357,252,547,0.461,0.493,163,204,0.799,29,152,181,509,70,10,156,115,1099
504,389,Logan Vander Velden,SF,24,LAC,15,0,31,3,14,0.214,0,5,0,3,9,0.333,0.214,3,4,0.75,1,5,6,1,0,0,0,4,9
505,390,David Vaughn,PF,22,ORL,33,0,266,27,80,0.338,0,1,0,27,79,0.342,0.338,10,18,0.556,33,47,80,8,6,15,18,68,64
506,391,Loy Vaught,PF,27,LAC,80,78,2966,571,1087,0.525,7,19,0.368,564,1068,0.528,0.529,149,205,0.727,204,604,808,112,87,40,158,241,1298
507,392,Rasheed Wallace,PF,21,WSB,65,51,1788,275,565,0.487,27,82,0.329,248,483,0.513,0.511,78,120,0.65,93,210,303,85,42,54,103,206,655
508,393,Rex Walters,SG,25,TOT,44,8,610,61,148,0.412,22,66,0.333,39,82,0.476,0.486,42,52,0.808,13,42,55,106,25,4,41,53,186
509,393,Rex Walters,SG,25,NJN,11,0,87,12,33,0.364,3,12,0.25,9,21,0.429,0.409,6,6,1,2,5,7,11,3,0,7,4,33
510,393,Rex Walters,SG,25,PHI,33,8,523,49,115,0.426,19,54,0.352,30,61,0.492,0.509,36,46,0.783,11,37,48,95,22,4,34,49,153
511,394,Charlie Ward,PG,25,NYK,62,1,787,87,218,0.399,33,99,0.333,54,119,0.454,0.475,37,54,0.685,29,73,102,132,54,6,79,98,244
512,395,Jamie Watson,SF,23,UTA,16,0,217,18,43,0.419,3,7,0.429,15,36,0.417,0.453,9,13,0.692,5,22,27,24,8,2,17,30,48
513,396,Clarence Weatherspoon,SF,25,PHI,78,75,3096,491,1015,0.484,0,2,0,491,1013,0.485,0.484,318,426,0.746,237,516,753,158,112,108,179,214,1300
514,397,Spud Webb,PG,32,TOT,77,21,1462,186,430,0.433,47,129,0.364,139,301,0.462,0.487,125,145,0.862,26,74,100,294,52,7,110,109,544
515,397,Spud Webb,PG,32,ATL,51,0,817,104,222,0.468,18,57,0.316,86,165,0.521,0.509,74,87,0.851,19,41,60,140,27,2,51,68,300
516,397,Spud Webb,PG,32,MIN,26,21,645,82,208,0.394,29,72,0.403,53,136,0.39,0.464,51,58,0.879,7,33,40,154,25,5,59,41,244
517,398,Chris Webber*,PF,22,WSB,15,15,558,150,276,0.543,15,34,0.441,135,242,0.558,0.571,41,69,0.594,37,77,114,75,27,9,49,51,356
518,399,Jeff Webster,SF,24,WSB,11,0,58,8,23,0.348,2,6,0.333,6,17,0.353,0.391,0,0,,2,5,7,3,4,0,3,7,18
519,400,Bill Wennington,C,32,CHI,71,20,1065,169,343,0.493,1,1,1,168,342,0.491,0.494,37,43,0.86,58,116,174,46,21,16,37,171,376
520,Rk,Player,Pos,Age,Tm,G,GS,MP,FG,FGA,FG%,3P,3PA,3P%,2P,2PA,2P%,eFG%,FT,FTA,FT%,ORB,DRB,TRB,AST,STL,BLK,TOV,PF,PTS
521,401,Robert Werdann,C,25,NJN,13,0,93,16,32,0.5,0,0,,16,32,0.5,0.5,7,13,0.538,5,18,23,2,5,3,6,17,39
522,402,David Wesley,PG,25,BOS,82,53,2104,338,736,0.459,116,272,0.426,222,464,0.478,0.538,217,288,0.753,68,196,264,390,100,11,159,207,1009
523,403,Doug West,SG,28,MIN,73,16,1639,175,393,0.445,1,13,0.077,174,380,0.458,0.447,114,144,0.792,48,113,161,119,30,17,81,228,465
524,404,Mark West,C,35,DET,47,21,682,61,126,0.484,0,0,,61,126,0.484,0.484,28,45,0.622,49,84,133,6,6,37,35,135,150
525,405,Dwayne Whitfield,PF,23,TOR,8,1,122,13,30,0.433,0,0,,13,30,0.433,0.433,14,22,0.636,9,16,25,2,3,2,8,14,40
526,406,Chris Whitney,PG,24,WSB,21,0,335,45,99,0.455,19,44,0.432,26,55,0.473,0.551,41,44,0.932,2,31,33,51,18,1,23,46,150
527,407,Gerald Wilkins,SG,32,VAN,28,14,738,77,205,0.376,14,64,0.219,63,141,0.447,0.41,20,23,0.87,22,43,65,68,22,2,37,55,188
528,408,Buck Williams,PF,35,POR,70,10,1672,192,384,0.5,2,3,0.667,190,381,0.499,0.503,125,187,0.668,159,245,404,42,40,47,90,187,511
529,409,Eric Williams,SF,23,BOS,64,6,1470,241,546,0.441,3,10,0.3,238,536,0.444,0.444,200,298,0.671,92,125,217,70,56,11,88,147,685
530,410,Herb Williams,PF-C,37,TOT,44,2,571,62,152,0.408,1,4,0.25,61,148,0.412,0.411,13,20,0.65,15,75,90,27,14,33,22,79,138
531,410,Herb Williams,C,37,TOR,1,0,31,3,8,0.375,0,0,,3,8,0.375,0.375,0,0,,1,7,8,0,1,2,0,4,6
532,410,Herb Williams,PF,37,NYK,43,2,540,59,144,0.41,1,4,0.25,58,140,0.414,0.413,13,20,0.65,14,68,82,27,13,31,22,75,132
533,411,Hot Rod Williams,C,33,PHO,62,58,1652,180,397,0.453,0,1,0,180,396,0.455,0.453,95,130,0.731,129,243,372,62,46,90,62,170,455
534,412,Jayson Williams,PF,27,NJN,80,6,1858,279,660,0.423,2,7,0.286,277,653,0.424,0.424,161,272,0.592,342,461,803,47,35,57,106,238,721
535,413,Lorenzo Williams,C,26,DAL,65,61,1806,87,214,0.407,0,1,0,87,213,0.408,0.407,24,70,0.343,234,287,521,85,48,122,78,226,198
536,414,Micheal Williams,PG,29,MIN,9,7,189,13,40,0.325,1,3,0.333,12,37,0.324,0.338,28,33,0.848,3,20,23,31,5,3,23,37,55
537,415,Monty Williams,SF,24,TOT,31,0,184,27,68,0.397,0,1,0,27,67,0.403,0.397,14,20,0.7,20,20,40,8,6,2,18,26,68
538,415,Monty Williams,SF,24,NYK,14,0,62,7,22,0.318,0,0,,7,22,0.318,0.318,5,8,0.625,9,8,17,4,2,0,5,9,19
539,415,Monty Williams,SF,24,SAS,17,0,122,20,46,0.435,0,1,0,20,45,0.444,0.435,9,12,0.75,11,12,23,4,4,2,13,17,49
540,416,Reggie Williams,SF,31,DEN,52,5,817,94,254,0.37,20,89,0.225,74,165,0.448,0.409,33,39,0.846,25,97,122,74,34,21,51,137,241
541,417,Scott Williams,PF,27,PHI,13,1,193,15,29,0.517,0,2,0,15,27,0.556,0.517,10,12,0.833,13,33,46,5,6,7,8,27,40
542,418,Walt Williams,SF,25,TOT,73,73,2169,359,808,0.444,114,293,0.389,245,515,0.476,0.515,163,232,0.703,99,220,319,230,85,58,151,238,995
543,418,Walt Williams,SF,25,SAC,45,45,1381,235,540,0.435,58,170,0.341,177,370,0.478,0.489,130,172,0.756,62,145,207,165,53,42,103,151,658
544,418,Walt Williams,SF,25,MIA,28,28,788,124,268,0.463,56,123,0.455,68,145,0.469,0.567,33,60,0.55,37,75,112,65,32,16,48,87,337
545,419,Corliss Williamson,SF,22,SAC,53,3,609,125,268,0.466,0,3,0,125,265,0.472,0.466,47,84,0.56,56,58,114,23,11,9,76,115,297
546,420,Kevin Willis,PF,33,TOT,75,60,2135,325,712,0.456,1,9,0.111,324,703,0.461,0.457,143,202,0.708,208,430,638,53,32,41,161,253,794
547,420,Kevin Willis,PF,33,MIA,47,42,1357,195,412,0.473,0,5,0,195,407,0.479,0.473,89,125,0.712,134,286,420,34,19,25,99,158,479
548,420,Kevin Willis,PF,33,GSW,28,18,778,130,300,0.433,1,4,0.25,129,296,0.436,0.435,54,77,0.701,74,144,218,19,13,16,62,95,315
549,Rk,Player,Pos,Age,Tm,G,GS,MP,FG,FGA,FG%,3P,3PA,3P%,2P,2PA,2P%,eFG%,FT,FTA,FT%,ORB,DRB,TRB,AST,STL,BLK,TOV,PF,PTS
550,421,Trevor Wilson,PF,27,PHI,6,0,79,10,20,0.5,0,0,,10,20,0.5,0.5,3,4,0.75,7,7,14,4,3,0,1,9,23
551,422,David Wingate,SG,32,SEA,60,3,695,88,212,0.415,15,34,0.441,73,178,0.41,0.45,32,41,0.78,17,39,56,58,20,4,42,66,223
552,423,Dontonio Wingfield,SF,21,POR,44,2,487,60,157,0.382,19,63,0.302,41,94,0.436,0.443,26,34,0.765,45,59,104,28,20,6,31,73,165
553,424,Joe Wolf,PF,31,TOT,64,8,1065,135,263,0.513,0,6,0,135,257,0.525,0.513,21,29,0.724,49,138,187,63,15,5,42,163,291
554,424,Joe Wolf,PF,31,CHH,1,0,18,0,1,0,0,0,,0,1,0,0,0,0,,0,2,2,0,2,0,2,2,0
555,424,Joe Wolf,PF,31,ORL,63,8,1047,135,262,0.515,0,6,0,135,256,0.527,0.515,21,29,0.724,49,136,185,63,13,5,40,161,291
556,425,David Wood,PF,31,TOT,62,0,772,75,174,0.431,20,62,0.323,55,112,0.491,0.489,38,50,0.76,51,103,154,34,19,10,24,150,208
557,425,David Wood,PF,31,GSW,21,0,96,7,14,0.5,1,3,0.333,6,11,0.545,0.536,7,8,0.875,7,9,16,5,2,1,3,23,22
558,425,David Wood,PF,31,PHO,4,0,34,1,6,0.167,0,0,,1,6,0.167,0.167,2,2,1,2,3,5,2,1,0,2,9,4
559,425,David Wood,PF,31,DAL,37,0,642,67,154,0.435,19,59,0.322,48,95,0.505,0.497,29,40,0.725,42,91,133,27,16,9,19,118,182
560,426,Randy Woods,PG,25,DEN,8,0,72,6,22,0.273,5,21,0.238,1,1,1,0.386,2,2,1,3,3,6,12,6,1,5,13,19
561,427,Haywoode Workman,PG,30,IND,77,4,1164,101,259,0.39,23,71,0.324,78,188,0.415,0.434,54,73,0.74,27,97,124,213,65,4,93,152,279
562,428,Sharone Wright,C,23,TOT,57,38,1434,248,512,0.484,1,3,0.333,247,509,0.485,0.485,167,259,0.645,148,208,356,38,30,49,109,163,664
563,428,Sharone Wright,C,23,PHI,46,32,1136,183,384,0.477,0,0,,183,384,0.477,0.477,117,186,0.629,124,175,299,27,24,39,81,125,483
564,428,Sharone Wright,C,23,TOR,11,6,298,65,128,0.508,1,3,0.333,64,125,0.512,0.512,50,73,0.685,24,33,57,11,6,10,28,38,181
565,429,George Zídek,C,22,CHH,71,21,888,105,248,0.423,0,0,,105,248,0.423,0.423,71,93,0.763,69,114,183,16,9,7,38,170,281